update scores should not update any caches since they are both unregistered,m network score service . update scores ( new scored network [ ] { scored_network } ) ;,scores update caches,success,sub,4,5,2.0,4.0,4.0,4.0,5.0,2.0
host must have real keyboard focus .,if ( ! m host . is focused ( ) && ! m host . request focus ( ) ) { return false ; },host have focus,success,sub,4,4,2.0,4.0,4.0,4.0,5.0,2.0
all surrogate pairs with this lead surrogate have only irrelevant data,if ( ( norm32 & mask ) == __num__ ) { return __num__ ; } else { return get norm32 from surrogate pair ( norm32 @$ args . c ) ; },pairs have data,success,sub,4,4,2.0,4.0,4.0,4.0,5.0,2.0
one of the 2 threads should get an optimistic lock exception,assert equals ( __num__ @$ exceptions . size ( ) ) ; assert true ( exceptions . get ( __num__ ) instanceof activiti optimistic locking exception ) ;,one get exception,success,sub,4,4,2.0,4.0,4.0,4.0,5.0,2.0
the facade only contains the fallback behavior,assert . assert true ( router facade . global policy map . contains key ( def queue key ) && router facade . global policy map . size ( ) == __num__ ) ;,facade contains behavior,success,sub,1,5,2.0,4.0,4.0,1.0,0.0,2.0
ensure moving task between two stacks updates resumed activity,r . set state ( resumed @$ __str__ ) ; assert equals ( r @$ m stack . get resumed activity ( ) ) ; final activity stack dest stack = m root activity container . get default display ( ) . create stack ( windowing_mode_fullscreen @$ activity_type_standard @$ true ) ;,updates resumed activity,success,sub,2,5,2.0,4.0,4.0,1.0,0.0,2.0
compile internal will automatically reset the perf logger,if ( ! already compiled ) { compile internal ( command @$ true ) ; } else { driver context . get plan ( ) . set query start time ( driver context . get query display ( ) . get query start time ( ) ) ; },internal reset logger,success,sub,4,1,2.0,4.0,4.0,1.0,0.0,2.0
second insert will violate the primary key constraint,volt queuesql ( insertp1 @$ __num__ @$ __num__ ) ; volt executesql ( ) ;,insert violate constraint,success,sub,1,5,2.0,4.0,4.0,1.0,0.0,2.0
close server 2 and pause so server has a chance to close,close server ( server2 ) ; wait . pause ( __num__ * __num__ ) ; wait for cqs disconnected ( client @$ __str__ @$ __num__ ) ;,server has chance,success,sub,4,5,2.0,3.0,4.0,4.0,3.0,0.0
verify that file system does not support unix attributes,try { cfg . file system . read attributes ( path @$ __str__ ) ; throw e ; } catch ( unsupported operation exception unsupported ) { } catch ( io exception ioe ) { throw new runtime exception ( ioe ) ; },system support attributes,success,sub,3,3,2.0,3.0,4.0,4.0,3.0,0.0
this panel wraps the results panel and guarantees the scrolling behaviour,j panel wrapper = new j panel ( new border layout ( ) ) ; wrapper . set background ( color scheme . dark_gray_color ) ; wrapper . add ( search items panel @$ border layout . north ) ;,panel wraps panel,success,sub,3,3,2.0,3.0,4.0,4.0,3.0,0.0
assume root always has a parent,if ( is root ( path ) ) { return true ; } string parent key = get parent path ( path ) ; return parent key != null && is directory ( parent key ) ;,root has parent,success,sub,4,5,2.0,3.0,4.0,4.0,3.0,0.0
does the class have optimization info ?,if ( class optimization info . get class optimization info ( library class ) != null ) { class visitor . visit library class ( library class ) ; },class have info,success,sub,3,5,2.0,2.0,2.0,0.0,5.0,0.0
this is only available after the backend initialized the serializer,type serializer < string > value serializer = kv id . get serializer ( ) ;,backend initialized serializer,success,sub,3,4,2.0,2.0,2.0,0.0,5.0,0.0
assert that the table created still has no hcat instrumentation,table table2 = client . get table ( __str__ @$ __str__ ) ; assert . assert true ( table2 . get sd ( ) . get input format ( ) . equals ( h cat constants . hive_rcfile_if_class ) ) ; driver . run ( __str__ ) ;,table has instrumentation,success,sub,3,5,2.0,2.0,2.0,0.0,5.0,0.0
enable table @$ use retain assignment to assign regions .,admin . enable table ( table name ) . join ( ) ; list < h region location > regions2 = async meta table accessor . get tableh region locations ( meta table @$ table name ) . get ( ) ;,use retain assignment,success,sub,3,4,2.0,2.0,2.0,0.0,5.0,0.0
remove the filter popup if the user has cleared all text,if ( showing && length == __num__ ) { dismiss popup ( ) ; m filtered = false ; },user cleared text,success,sub,4,4,2.0,2.0,0.0,1.0,4.0,1.0
confirm that peer with state a will reject replication request .,verify replication request rejection ( util1 @$ true ) ; verify replication request rejection ( util2 @$ false ) ; util1 . get admin ( ) . disable replication peer ( peer_id ) ; write ( util1 @$ __num__ @$ __num__ ) ; thread . sleep ( __num__ ) ;,peer reject request,success,sub,2,4,2.0,2.0,0.0,1.0,4.0,1.0
window do fn operator does not use a do fn,this . requires stable input = do fn != null && do fn signatures . get signature ( do fn . get class ( ) ) . process element ( ) . requires stable input ( ) ;,a do fn,success,sub,1,2,2.0,2.0,0.0,1.0,4.0,1.0
receiver decrypts the message using the sender 's public key,byte [ ] decrypt bytes = receiver . decrypt data ( encrypted challenge ) ;,receiver decrypts message,success,sub,5,5,2.0,2.0,0.0,1.0,4.0,1.0
run the k means driver,path answer = new path ( output @$ __str__ ) ; k means driver . run ( conf @$ data @$ initialclusters @$ answer @$ convergence delta @$ max iterations @$ true @$ __num__ @$ false ) ;,k means driver,success,sub,4,5,2.0,2.0,1.0,0.0,0.0,2.0
check that the starting event occurs before the started event,assert true ( listener . starting time <= listener . started time @$ __str__ ) ;,the started event,success,sub,4,4,2.0,2.0,1.0,0.0,0.0,2.0
if the user sets a message id @$ use it .,final string message id = one way feature . get message id ( ) ; if ( ! is message id added && message id != null ) { headers . add ( new string header ( av . messageid tag @$ message id ) ) ; },user sets id,success,sub,4,4,2.0,2.0,1.0,0.0,0.0,2.0
the user scheduler captures context,assert true ( results . is context initialized observe on . get ( ) ) ;,scheduler captures context,success,sub,3,2,2.0,2.0,1.0,0.0,0.0,2.0
old pur stored elements with no nr when not specified,if ( nr == __num__ && node . has property ( code ) ) { return node . get property ( code ) . get long ( ) ; } else { return __num__ ; },pur stored elements,success,sub,1,2,1.0,1.0,0.0,0.0,0.0,2.0
let 's actually create cache on non affinity server .,srv3 . cache ( query utils . create table cache name ( query utils . dflt_schema @$ __str__ ) ) ;,let create cache,success,sub,4,3,1.0,1.0,0.0,0.0,0.0,2.0
we bypass the standard equals method that resolve the hostname,assert that ( slave . get channel ( ) . call ( new url builder callable ( __str__ ) ) @$ not ( equal to ( slave . get channel ( ) . call ( new url builder callable ( __str__ ) ) ) ) ) ;,standard equals method,success,sub,2,4,1.0,1.0,0.0,0.0,0.0,2.0
check that method under test throws npe,try { epki . get key spec ( ( key ) null @$ __str__ ) ; fail ( get name ( ) + __str__ ) ; } catch ( null pointer exception ok ) { },method throws npe,success,sub,4,3,1.0,1.0,0.0,0.0,0.0,2.0
if the color has population @$ increase the distinct color count,if ( hist [ color ] > __num__ ) { distinct color count ++ ; },color has population,success,sub,4,5,2.0,0.0,0.0,0.0,1.0,1.0
run the buck kill command,buck kill command handler handler = new buck kill command handler ( project @$ buck command . kill ) ; buck build manager . get instance ( project ) . run buck command while connected to buck ( handler @$ action_title @$ buck module ) ;,buck kill command,success,sub,3,5,2.0,0.0,0.0,0.0,1.0,1.0
end if : got four characters,if ( i == __num__ ) { return - __num__ ; } else { throw new java . io . io exception ( __str__ ) ; },end got characters,success,sub,2,1,2.0,0.0,0.0,0.0,1.0,1.0
asynchronous release the queue @$ but still is single thread,if ( _buffer . get cursor ( ) > _consumer . get ( ) ) consume batch when available ( handler ) ;,asynchronous release queue,success,sub,4,5,2.0,0.0,0.0,0.0,1.0,1.0
ensure wrapper view child has a header,wrapper view wrapper view child = ( wrapper view ) child ; if ( ! wrapper view child . has header ( ) ) { continue ; },child has header,success,sub,2,4,2.0,0.0,0.0,1.0,0.0,1.0
verify that file system does not support unix attributes,try { cfg . file system . read attributes ( path @$ __str__ ) ; throw e ; } catch ( unsupported operation exception unsupported ) { } catch ( io exception ioe ) { throw new runtime exception ( ioe ) ; },system support attributes,success,sub,2,4,2.0,0.0,0.0,1.0,0.0,1.0
recursively collect methods for all superinterfaces .,for ( class doc superintf : intf . interfaces ( ) ) { if ( ! collect remote methods ( superintf @$ table ) ) { errors = true ; } } return ! errors ;,recursively collect methods,success,sub,2,2,2.0,0.0,0.0,1.0,0.0,1.0
generate the map join operator,return map join processor . convertsmb join to map join ( physical context . get conf ( ) @$ newsmb join op @$ map join pos @$ true ) ;,map join operator,success,sub,3,3,2.0,0.0,0.0,1.0,0.0,1.0
make sure eviction thread has entered run method,while ( ! eviction thread . is entering run ( ) ) { thread . sleep ( __num__ ) ; },thread entered method,success,sub,4,4,2.0,3.0,3.0,1.0,0.0,2.0
ruby client should set the path unescaped in the api file,assert true ( file utils . read file to string ( file @$ standard charsets . utf_8 ) . contains ( __str__ ) ) ;,client set path,success,sub,2,5,2.0,3.0,3.0,1.0,0.0,2.0
read default write object indicator,boolean called default write object = read boolean ( ) ; read object state . begin unmarshal custom value ( this @$ called default write object @$ ( current class desc . read object method != null ) ) ; if ( current class desc . has read object ( ) ) set state ( in_read_object_remote_not_custom_marshaled ) ;,default write indicator,success,sub,2,4,2.0,3.0,3.0,1.0,0.0,2.0
it 's an array field type @$ lets check the inner type,inner field type . check compatibility ( ( ( array field type ) other ) . inner field type @$ conflicts @$ strict ) ;,type lets check,success,sub,4,4,2.0,3.0,3.0,1.0,0.0,2.0
0 : incorrect stats since hbm.xml ca n't enable natural id caching,assert equals ( __num__ @$ session factory ( ) . get statistics ( ) . get natural id query execution count ( ) ) ;,stats enable caching,success,sub,3,1,2.0,3.0,3.0,1.0,0.0,2.0
ghost components will have a null logger,if ( existing node . get logger ( ) != null ) { existing node . get logger ( ) . debug ( __str__ @$ new object [ ] { id @$ new type @$ bundle coordinate } ) ; } final extension manager extension manager = flow controller . get extension manager ( ) ;,components have logger,success,sub,2,4,2.0,3.0,3.0,1.0,0.0,2.0
response impl will make the headers unmodifiable,final map < string @$ string > modifiable headers = new tree map < string @$ string > ( string . case_insensitive_order ) ; modifiable headers . put all ( raw response . get headers ( ) ) ;,impl make unmodifiable,success,sub,2,2,2.0,3.0,3.0,1.0,0.0,2.0
enum class needed imports for jackson 's json creator,if ( additional properties . contains key ( serialization_library_jackson ) ) { model . imports . add ( __str__ ) ; model . imports . add ( __str__ ) ; },class needed imports,success,sub,4,4,2.0,3.0,3.0,1.0,0.0,2.0
noinspection object allocation in loop,bucket = new osb tree bucketv1 < > ( cache entry ) ; if ( item index == osb tree bucketv1 . max_page_size_bytes + __num__ ) { item index = bucket . size ( ) - __num__ ; },noinspection object allocation,success,sub,3,3,2.0,2.0,3.0,1.0,0.0,1.0
table should not contain any footers at initialization,assert null ( table . get column footer ( __str__ ) ) ; assert null ( table . get column footer ( __str__ ) ) ; assert null ( table . get column footer ( __str__ ) ) ;,table contain footers,success,sub,4,5,2.0,2.0,3.0,1.0,0.0,1.0
the used resource should still 4 gb and negative available resource,wait memory ( scheduler @$ nm id @$ __num__ * gb @$ - __num__ * gb @$ __num__ @$ __num__ * __num__ ) ;,resource and resource,success,sub,2,2,2.0,2.0,3.0,1.0,0.0,1.0
handler does n't set a result on profile,assert false ( response . to string ( ) @$ response . has defined ( result ) ) ;,handler set result,success,sub,4,3,2.0,2.0,3.0,1.0,0.0,1.0
get jpa managed entity through the repository,message message = message repository . find one ( __num__ ) ; assert not null ( message ) ; assert equals ( __str__ @$ message . get text ( ) ) ;,jpa managed entity,success,sub,4,4,2.0,2.0,0.0,1.0,0.0,2.0
the new calc collation must match the original sort collation,result = calc . copy ( calc . get trait set ( ) . replace ( orig sort collation ) @$ index scan @$ calc . get program ( ) @$ calc . get split count ( ) ) ;,collation match collation,success,sub,3,5,2.0,2.0,0.0,1.0,0.0,2.0
sigar uses jni and does not work in local mode,if ( ! nimbus client . is local override ( ) ) { worker metrics . put ( __str__ @$ __str__ ) ; },sigar uses jni,success,sub,2,2,2.0,2.0,0.0,1.0,0.0,2.0
check choose server alias for rsa keys .,results rsa = km . choose server alias ( __str__ @$ null @$ null ) ; if ( results rsa == null ) { throw new exception ( __str__ ) ; } system . out . println ( __str__ ) ;,check choose alias,success,sub,4,4,2.0,2.0,0.0,1.0,0.0,2.0
new root should have only 1 key,root . go to ( read cursor ) ; assert equals ( __num__ @$ key count ( ) ) ;,root have key,success,sub,2,3,2.0,2.0,3.0,1.0,4.0,2.0
a camera preview frame comes . request a frame .,byte [ ] picture = new byte [ length ] ; frame frame = manager . get frame ( picture @$ __num__ @$ __num__ ) ;,camera request frame,success,sub,3,5,2.0,2.0,3.0,1.0,4.0,2.0
retry with the old formatter which uses synchronization locks,try { parsed = generic formatter . short_day_formatter . parse ( date str @$ __num__ ) . get time ( ) ; } catch ( final parse exception pe ) { parsed = new date ( ) ; },which uses locks,success,sub,5,5,2.0,2.0,3.0,1.0,4.0,2.0
fetch the auto complete text view and set an adapter,auto complete text view actv = find view by id ( r . id . widgets_autocompletetextview ) ; actv . set adapter ( new array adapter < > ( this @$ android . r . layout . simple_dropdown_item_1line @$ cheeses . s cheese strings ) ) ;,auto complete view,success,sub,4,4,2.0,2.0,3.0,1.0,4.0,2.0
do null byte buffer test case,if ( ! null byte buffer test ( the mac ) ) { system . out . println ( __str__ ) ; return false ; } return true ;,byte buffer case,success,sub,4,5,2.0,1.0,1.0,1.0,0.0,1.0
second elector joins election @$ becomes standby .,electors [ __num__ ] . join election ( app datas [ __num__ ] ) ; mockito . verify ( cbs [ __num__ ] @$ mockito . timeout ( __num__ ) ) . become standby ( ) ; check fatals and reset ( ) ;,elector joins election,success,sub,4,5,2.0,1.0,1.0,1.0,0.0,1.0
an interface will get the reloadable static state manager instance,assert equals ( __str__ @$ to string field ( itype . bytes loaded @$ __str__ ) ) ;,interface get instance,success,sub,2,2,2.0,1.0,1.0,1.0,0.0,1.0
second call must not log another message,assert that ( under test . is operational ( ) ) . is false ( ) ; assert that ( memory appender . events ) . extracting ( i logging event :: get level @$ i logging event :: get message ) . contains only once ( tuple ( level . info @$ __str__ ) ) ;,call log message,success,sub,4,5,2.0,1.0,1.0,1.0,0.0,1.0
any activity on the power button stops the accessibility shortcut,cancel pending accessibility shortcut action ( ) ; result &= ~ action_pass_to_user ; is wake key = false ;,activity stops shortcut,success,sub,4,4,1.0,2.0,0.0,3.0,0.0,1.0
1 : no stats since hbm.xml ca n't enable natural id caching,assert equals ( __num__ @$ session factory ( ) . get statistics ( ) . get natural id cache put count ( ) ) ;,stats enable caching,success,sub,3,4,1.0,2.0,0.0,3.0,0.0,1.0
remove timestamp should also be clearing the last modified timestamp,m exif . remove timestamp ( ) ; assert that ( m exif . get last modified timestamp ( ) ) . is equal to ( exif . invalid_timestamp ) ;,timestamp clearing timestamp,success,sub,4,4,1.0,2.0,0.0,3.0,0.0,1.0
the one join column for this specialized class .,long column vector join col vector = ( long column vector ) batch . cols [ single join column ] ; long [ ] vector = join col vector . vector ;,one join column,success,sub,3,2,1.0,2.0,0.0,3.0,0.0,1.0
this loop may throw an io exception,while ( true ) { int bytes read = as . read ( loaded audio @$ loaded audio byte length @$ int len - loaded audio byte length ) ; if ( bytes read <= __num__ ) { as . close ( ) ; break ; } loaded audio byte length += bytes read ; },loop throw exception,success,sub,4,4,2.0,1.0,2.0,2.0,0.0,1.0
to avoid rejected execution exception in basic directory model wait a second,try { thread . sleep ( __num__ ) ; } catch ( interrupted exception e ) { throw new runtime exception ( e ) ; },exception wait second,success,sub,4,4,2.0,1.0,2.0,2.0,0.0,1.0
synchronize so default value does n't override other default value,synchronized ( session ) { object result = session . get attribute ( name ) ; if ( result == null && default value != null ) { session . set attribute ( name @$ default value ) ; result = default value ; } return result ; },value override value,success,sub,4,5,2.0,1.0,2.0,2.0,0.0,1.0
top horizontal non croppped part,height = this . crop zone rect . y - this . image rect . y ; if ( height > __num__ ) { g . fill rect ( this . crop zone rect . x @$ this . image rect . y @$ this . crop zone rect . width @$ height ) ; },non croppped part,success,sub,4,3,2.0,1.0,2.0,2.0,0.0,1.0
method name can not use reserved keyword @$ e.g . return,if ( is reserved word ( operation id ) ) { logger . warn ( operation id + __str__ + camelize ( sanitize name ( __str__ + operation id ) @$ true ) ) ; operation id = __str__ + operation id ; } return camelize ( sanitize name ( operation id ) @$ true ) ;,name use keyword,success,sub,3,5,2.0,3.0,3.0,2.0,0.0,2.0
this method always throws activation exception,user service . activate user ( __str__ ) . to blocking ( ) . single ( ) ;,method throws exception,success,sub,4,5,2.0,3.0,3.0,2.0,0.0,2.0
user 6 has other global permission,user dto user6 = db . users ( ) . insert user ( with email ( __str__ ) ) ; db . users ( ) . insert permission on user ( organization1 @$ user6 @$ administer_quality_profiles ) ;,user has permission,success,sub,3,5,2.0,3.0,3.0,2.0,0.0,2.0
constructing an a should trigger an injection,injector . get instance ( a . class ) ; assert equals ( __num__ @$ injections . get and set ( __num__ ) ) ;,a trigger injection,success,sub,3,4,2.0,3.0,3.0,2.0,0.0,2.0
now reptable has 2000 rows and parttable has 252 rows,save tables with path ( client @$ testnonce + __str__ @$ snapshots path ) ; client . close ( ) ;,reptable has rows,success,sub,1,1,2.0,1.0,1.0,0.0,4.0,0.0
merge input fields : data fields override header fields,if ( fields from header != null ) { if ( ! ( fields from header instanceof point builder ) ) { throw new illegal state exception ( __str__ + fields from header ) ; } fields from data . merge with header ( ( point builder ) fields from header ) ; },fields override fields,success,sub,4,5,2.0,1.0,1.0,0.0,4.0,0.0
this version gives a task that rest li runs,request < string > req = builders . < string > action ( __str__ ) . build ( ) ; get client ( ) . send request ( req ) . get response ( ) ;,version gives task,success,sub,4,3,2.0,1.0,1.0,0.0,4.0,0.0
no intersection between clip area and segment computed corner : bottom left,clippable . init ( ) ; segment clipper . clip ( - __num__ @$ - __num__ @$ __num__ @$ __num__ ) ; assert . assert equals ( __num__ @$ points . size ( ) ) ;,intersection computed corner,success,sub,4,5,2.0,1.0,1.0,0.0,4.0,0.0
completing the task will end the process instance,task service . complete ( task . get id ( ) ) ; assert process ended ( proc id ) ;,task end instance,success,sub,1,4,2.0,1.0,0.0,2.0,0.0,1.0
given : thread which awaited segment .,segment aware aware = new segment aware ( __num__ @$ false ) ; aware . check can read archive or reserve work segment ( __num__ ) ; try { aware . release work segment ( __num__ ) ; } catch ( assertion error e ) { return ; } fail ( __str__ ) ;,which awaited segment,success,sub,4,4,2.0,1.0,0.0,2.0,0.0,1.0
param "types will not include 'this ',std type list param types = desc . get parameter types ( ) ; int sz param types = param types . size ( ) ;,"types include ""this""",success,sub,1,1,2.0,1.0,0.0,2.0,0.0,1.0
any request to open gets a new bogus channel,mockito . when ( mock gcs util . open ( mockito . any ( gcs path . class ) ) ) . then ( invocation -> file channel . open ( files . create temp file ( __str__ @$ __str__ ) @$ standard open option . create @$ standard open option . delete_on_close ) ) ;,request gets channel,success,sub,2,5,2.0,1.0,0.0,2.0,0.0,1.0
while statement always has a complexity of at least 1,bool comp while ++ ; entry stack . peek ( ) . bump decision points ( bool comp while ) ; super . visit ( node @$ data ) ; logger . exiting ( class_name @$ __str__ ) ; return data ;,statement has complexity,success,sub,1,5,2.0,0.0,0.0,1.0,0.0,1.0
clients expected initial result .,int [ ] results cnt = new int [ ] { __num__ @$ __num__ @$ __num__ } ;,clients expected result,success,sub,5,5,2.0,0.0,0.0,1.0,0.0,1.0
sets payload to empty as frame contains no data,frame builder . payload ( new byte [ ] { } ) ; curr bytes . reset ( ) ; curr state = beats state . complete ; window size = frame builder . data size ; break ;,frame contains data,success,sub,5,5,2.0,0.0,0.0,1.0,0.0,1.0
classify 1 has entity a as an allowed type,assert true ( classify type1 . can apply to entity type ( entity typea ) ) ;,1 has entity,success,sub,1,1,2.0,0.0,0.0,1.0,0.0,1.0
no key id specified @$ return no matches,if ( sought keyid == null ) { return mono . just ( collections . empty list ( ) ) ; },id return matches,success,sub,4,5,2.0,1.0,0.0,2.0,5.0,1.0
let linger run its course .,callback . assert no callback ( ) ; final int linger timeout ms = m service . m linger delay ms + m service . m linger delay ms / __num__ ; callback . expect callback ( callback entry . lost @$ m cell network agent @$ linger timeout ms ) ;,linger run course,success,sub,4,5,2.0,1.0,0.0,2.0,5.0,1.0
fall back to default value suppose column label contains table name,if ( column label . contains ( __str__ ) ) { table name = string utils . substring before last ( column label @$ __str__ ) ; },label contains name,success,sub,4,5,2.0,1.0,0.0,2.0,5.0,1.0
to start @$ offer a box which contains all of the colors,pq . offer ( new vbox ( __num__ @$ m colors . length - __num__ ) ) ;,which contains all,success,sub,5,5,2.0,1.0,0.0,2.0,5.0,1.0
health check satisfies probe config health conditions,probe result consumer . accept ( new probe result ( probe factory . get workspace id ( ) @$ probe factory . get machine name ( ) @$ probe factory . get server name ( ) @$ probe status . passed ) ) ;,check satisfies probe,success,sub,4,5,1.0,3.0,3.0,3.0,0.0,1.0
mark known lc makes string 1 longer,int sb len = ( knownlc words != null ) ? len + __num__ : len ;,lc makes string,success,sub,2,5,1.0,3.0,3.0,3.0,0.0,1.0
a volt db extension to avoid using exceptions for flow control .,if ( ! is option ) { if ( ! prefer to throw ) { return unexpected token ( ) ; } throw unexpected token ( ) ; },volt db extension,success,sub,3,2,1.0,3.0,3.0,3.0,0.0,1.0
test missing proxy class class not found exception,oin = new proxy blind input stream ( new byte array input stream ( bout . to byte array ( ) ) ) ; try { oin . read object ( ) ; throw new error ( ) ; } catch ( class not found exception ex ) { },class found exception,success,sub,4,5,1.0,3.0,3.0,3.0,0.0,1.0
for now the call bellow will return type unknown,type = compiler . resolve type ref ( model @$ bkm @$ bkm @$ null ) ;,bellow return unknown,success,sub,2,2,1.0,2.0,3.0,0.0,0.0,2.0
client should have noticed the error,assert that ( __str__ @$ client socket . error latch . await ( __num__ @$ seconds ) @$ is ( true ) ) ; assert that ( __str__ @$ client socket . error . get ( ) @$ instance of ( message too large exception . class ) ) ;,client noticed error,success,sub,3,4,1.0,2.0,3.0,0.0,0.0,2.0
user has specified initial context factory ; try to get it,if ( my props != null && my props . get ( context . initial_context_factory ) != null ) { get default init ctx ( ) ; },user specified factory,success,sub,4,4,1.0,2.0,3.0,0.0,0.0,2.0
another producer has moved the sequence failed to increment,so element ( buffer @$ calc element offset ( p index @$ mask ) @$ e ) ; so sequence ( s buffer @$ seq offset @$ p index + __num__ ) ; return true ;,producer moved sequence,success,sub,4,4,1.0,2.0,3.0,0.0,0.0,2.0
the expiration thread is just finishing.. so dont do anything..,log . debug ( __str__ @$ e ) ; thread . current thread ( ) . interrupt ( ) ; throw new runtime exception ( __str__ @$ e ) ;,dont do anything..,success,sub,2,5,2.0,1.0,0.0,1.0,4.0,1.0
component 4 is try block map pointer or displacement .,return eh data type utilities . get component address ( get data type ( ) @$ try_block_map_ordinal @$ get mem buffer ( ) ) ;,component try pointer,success,sub,3,5,2.0,1.0,0.0,1.0,4.0,1.0
authorization header must have a payload,if ( auth header base64 string == null || auth header base64 string . is empty ( ) ) { throw new http authentication exception ( __str__ + __str__ ) ; } return auth header base64 string ;,header have payload,success,sub,4,5,2.0,1.0,0.0,1.0,4.0,1.0
training causes all models to observe data,for ( vector . element e : weights . non zeroes ( ) ) { int index = e . index ( ) ; classifier . train ( index @$ vector @$ weights . get ( index ) ) ; },training causes models,success,sub,3,4,2.0,1.0,0.0,1.0,4.0,1.0
and should have one active activity,list < string > active activity ids = runtime service . get active activity ids ( execution . get id ( ) ) ; assert equals ( __num__ @$ active activity ids . size ( ) ) ;,and have activity,success,sub,4,3,2.0,2.0,0.0,2.0,0.0,2.0
user already specified schema values,if ( vendor extensions . contains key ( codegen_vendor_extension_key ) ) { logger . info ( __str__ + base name + __str__ ) ; return ; },user specified values,success,sub,1,1,2.0,2.0,0.0,2.0,0.0,2.0
vpn is using cell | wi fi .,m service . set underlying networks for vpn ( new network [ ] { m cell network agent . get network ( ) @$ m wi fi network agent . get network ( ) } ) ; wait for idle ( ) ;,vpn using fi,success,sub,3,4,2.0,2.0,0.0,2.0,0.0,2.0
does unaltered block still match ref block ?,bos . reset ( ) ; bs ref . serialize ( b ref @$ bos ) ; ser deser ( bs @$ b1 @$ bos . to byte array ( ) @$ null @$ null ) ;,block match block,success,sub,3,4,2.0,2.0,0.0,2.0,0.0,2.0
add num null values null values .,if ( i <= num null values ) { pf . pkid = null ; pf . status = __str__ + i ; } r1 . put ( i + __str__ @$ pf ) ;,null values values,success,sub,2,4,1.0,2.0,0.0,3.0,0.0,1.0
represents separator @$ which has no temporal field,verify pattern parsing ( __str__ @$ new array list < > ( list . of ( null @$ chrono field . year @$ null @$ chrono field . month_of_year @$ null @$ chrono field . day_of_month @$ null ) ) ) ;,which has field,success,sub,3,3,1.0,2.0,0.0,3.0,0.0,1.0
mock server to allow dynamically generated certificates to be accepted,httpsurl connection . set defaultssl socket factory ( new key store factory ( new mock server logger ( ) ) . ssl context ( ) . get socket factory ( ) ) ; mock server = client and server . start client and server ( port factory . find free port ( ) ) ;,server generated certificates,success,sub,3,3,1.0,2.0,0.0,3.0,0.0,1.0
locked cleanup may generate notifications we can send unlocked,if ( ! is held by current thread ( ) ) { map . process pending notifications ( ) ; },cleanup generate notifications,success,sub,1,5,1.0,2.0,0.0,3.0,0.0,1.0
null constraint has no data,if ( constraint data != null ) { number flag = ( number ) constraint data . get field value ( __str__ ) ; if ( flag != null ) { this . flag = flag . int value ( ) ; } },constraint has data,success,sub,4,4,2.0,2.0,3.0,3.0,0.0,1.0
following should throw null pointer exception .,select results sr = ( select results ) q . execute ( ) ; assert true ( __str__ @$ ( ( range index test hook ) hook ) . is hooked ( __num__ ) ) ; range index . set test hook ( null ) ;,following throw exception,success,sub,1,1,2.0,2.0,3.0,3.0,0.0,1.0
user can see these projects,index for user ( user1 @$ new doc ( ) . set languages ( singleton list ( __str__ ) ) @$ new doc ( ) . set languages ( as list ( __str__ @$ __str__ ) ) ) ;,user see projects,success,sub,4,5,2.0,2.0,3.0,3.0,0.0,1.0
let super do its job first,super . setup view interceptors ( view ) ; add view serialization interceptor ( view ) ;,super do job,success,sub,4,5,2.0,2.0,3.0,3.0,0.0,1.0
assert that the correct dir does not contain the violation .,assert true ( compare pairs . stream ( ) . none match ( p -> p . get path ( ) . equals ( cwd ) ) ) ;,dir contain violation,success,sub,2,5,2.0,1.0,0.0,3.0,1.0,1.0
disable ssl hostname verifier .,httpsurl connection . set default hostname verifier ( new hostname verifier ( ) { @ override public boolean verify ( string s @$ ssl session ssl ses ) { return true ; } } ) ; super . before test ( ) ;,ssl hostname verifier,success,sub,3,5,2.0,1.0,0.0,3.0,1.0,1.0
concurrent hash map does not need synch . here,for ( abstract thread group thread group : groups ) { thread group . wait threads stopped ( ) ; },map need synch,success,sub,1,5,2.0,1.0,0.0,3.0,1.0,1.0
clear to let gc do its work,int new size = size - ( to index - from index ) ; for ( int i = new size ; i < size ; i ++ ) { element data [ i ] = null ; } size = new size ;,gc do work,success,sub,2,5,2.0,1.0,0.0,3.0,1.0,1.0
unknown slot which basically means the exists predicate,if ( ! ( predicates . length == __num__ && predicates [ __num__ ] instanceof exists predicate ) ) { throw new illegal state exception ( __str__ + arrays . to string ( predicates ) ) ; } return true ;,which means predicate,success,sub,3,2,2.0,0.0,0.0,1.0,0.0,1.0
collect all metadata @$ newer values override older values,if ( is newer ( res @$ val ) ) { meta = merge meta ( val . get meta data ( ) @$ meta ) ; res . set ( val ) ; } else { meta = merge meta ( meta @$ val . get meta data ( ) ) ; },values override values,success,sub,2,2,2.0,0.0,0.0,1.0,0.0,1.0
resetting max length should not remove maxlength attribute,tf . add focus listener ( event -> { tf . set max length ( __num__ ) ; } ) ;,length remove attribute,success,sub,2,2,2.0,0.0,0.0,1.0,0.0,1.0
restarted rm has the failed app info too .,rm2 . wait for state ( app1 . get application id ( ) @$ rm app state . failed ) ;,rm has info,success,sub,3,2,2.0,0.0,0.0,1.0,0.0,1.0
end if : got four characters,if ( i == __num__ ) { return - __num__ ; } else { throw new java . io . io exception ( __str__ ) ; },end got characters,success,obj,2,2,2.0,4.0,4.0,4.0,5.0,2.0
it 's an array field type @$ lets check the inner type,inner field type . check compatibility ( ( ( array field type ) other ) . inner field type @$ conflicts @$ strict ) ;,type lets check,success,obj,5,5,2.0,4.0,4.0,4.0,5.0,2.0
this can only happen if someone uses unchecked operations .,if ( extension . get containing type default instance ( ) != get default instance for type ( ) ) { throw new illegal argument exception ( __str__ + __str__ ) ; },someone uses operations,success,obj,4,5,2.0,4.0,4.0,4.0,5.0,2.0
can specify orientation if app does n't fill parent .,assert equals ( screen_orientation_landscape @$ m token . get orientation ( ) ) ; m token . set fills parent ( true ) ; m token . set hidden ( true ) ; m token . sending to bottom = true ;,app fill parent,success,obj,4,5,2.0,4.0,4.0,4.0,5.0,2.0
make sure users with huge dict do n't blow up the cache,if ( dict . size ( ) <= __num__ ) { user dict cache . put ( user id @$ dict ) ; } else { logger . info ( __str__ + dict . size ( ) + __str__ + user id + __str__ ) ; },users blow cache,success,obj,1,4,2.0,4.0,4.0,1.0,0.0,2.0
use a small long here which will only occupy one property block,my node . set property ( __str__ @$ small value ) ; tx . commit ( ) ;,which occupy block,success,obj,1,1,2.0,4.0,4.0,1.0,0.0,2.0
reading saved data from ignite .,list < list < ? > > data = cache . query ( new sql fields query ( __str__ ) ) . get all ( ) ; system . out . println ( data ) ;,reading saved data,success,obj,3,5,2.0,4.0,4.0,1.0,0.0,2.0
only global stats make sense,_total stats . register buffer metrics ( r @$ s @$ since @$ free space ) ;,stats make sense,success,obj,1,5,2.0,4.0,4.0,1.0,0.0,2.0
be more forgiving of not finding the get listener method .,method method = introspector . find method ( source class @$ get listener method name @$ __num__ ) ; if ( method != null ) { set get listener method ( method ) ; },the get method,success,obj,2,2,2.0,3.0,4.0,4.0,3.0,0.0
query must produce only results from single region .,validate clients ( region id @$ clients2 ) ; if ( region id == unmapped_region ) fail ( ) ;,query produce results,success,obj,2,2,2.0,3.0,4.0,4.0,3.0,0.0
fake a replay finished response for site 1,rejoin message msg1 = new rejoin message ( __num__ @$ rejoin message . type . replay_finished ) ; m_coordinator . deliver ( msg1 ) ;,replay finished response,success,obj,3,3,2.0,3.0,4.0,4.0,3.0,0.0
no rows match purge criteria,verify proc fails ( client @$ __str__ @$ __str__ @$ __num__ @$ __num__ @$ __num__ @$ __str__ @$ __num__ ) ; client response cr = client . call procedure ( __str__ @$ __str__ + __str__ + __str__ ) ; assert equals ( client response . success @$ cr . get status ( ) ) ;,rows match criteria,success,obj,2,2,2.0,3.0,4.0,4.0,3.0,0.0
join keys have difference sizes ?,if ( k1 . size ( ) != k2 . size ( ) ) { return k1 . size ( ) - k2 . size ( ) ; } if ( comparators . length == __num__ ) { return __num__ ; },keys have sizes,success,obj,3,5,2.0,2.0,2.0,0.0,5.0,0.0
method name can not use reserved keyword @$ e.g . return,if ( is reserved word ( operation id ) ) { logger . warn ( operation id + __str__ + camelize ( sanitize name ( __str__ + operation id ) ) ) ; operation id = __str__ + operation id ; } return camelize ( operation id ) ;,name use keyword,success,obj,2,4,2.0,2.0,2.0,0.0,5.0,0.0
j label contains html text,if ( at != null ) { return at . get before index ( part @$ index ) ; },label contains text,success,obj,2,3,2.0,2.0,2.0,0.0,5.0,0.0
apps can set the interception target other than the direct parent .,final view group parent ; if ( m touch interception view group == null ) { parent = ( view group ) get parent ( ) ; } else { parent = m touch interception view group ; },apps set target,success,obj,3,4,2.0,2.0,2.0,0.0,5.0,0.0
assert valid line cnt specified equals the successfully inserted line count,assert equals ( valid line cnt @$ line count ) ; assert equals ( invalid line cnt @$ invalidlinecnt ) ;,cnt equals count,success,obj,4,4,2.0,2.0,0.0,1.0,4.0,1.0
valve use the context to log messages,when ( delta session manager . get the context ( ) ) . then return ( mock ( context . class ) ) ; when ( delta session manager . get the context ( ) . get logger ( ) ) . then return ( mock ( log . class ) ) ;,valve use context,success,obj,2,4,2.0,2.0,0.0,1.0,4.0,1.0
empty if nobody has the specified global permission,query = permission query . builder ( ) . set organization uuid ( organization . get uuid ( ) ) . set permission ( __str__ ) . build ( ) ; expect permissions ( query @$ empty list ( ) ) ;,nobody has permission,success,obj,4,4,2.0,2.0,0.0,1.0,4.0,1.0
the replica sets have different names ...,if ( ! this . replica sets by name . key set ( ) . equals ( prior state . replica sets by name . key set ( ) ) ) { return true ; },sets have names,success,obj,4,4,2.0,2.0,0.0,1.0,4.0,1.0
id types can use int literals .,if ( type == scalars . graphqlid && string value . matches ( __str__ ) ) { return int value . new int value ( ) . value ( new big integer ( string value ) ) . build ( ) ; },types use literals,success,obj,4,4,2.0,2.0,1.0,0.0,0.0,2.0
check whether the callable threw an exception .,if ( future . is done ( ) ) { try { future . get ( ) ; } catch ( interrupted exception e ) { thread . current thread ( ) . interrupt ( ) ; throw new runtime exception ( e ) ; } it . remove ( ) ; },callable threw exception,success,obj,3,5,2.0,2.0,1.0,0.0,0.0,2.0
make sure map only contains correct types,this . extensions = collections . checked map ( new hash map < > ( ) @$ string . class @$ extension . class ) ; this . extensions . put all ( extensions ) ;,map contains types,success,obj,2,5,2.0,2.0,1.0,0.0,0.0,2.0
page transformers can do complex things that benefit from hardware layers .,if ( m page transformer != null ) { enable layers ( new state != scroll_state_idle ) ; },transformers do things,success,obj,1,1,2.0,2.0,1.0,0.0,0.0,2.0
the log level would actually allow a warning to be logged .,if ( log warnings ) { try { walk warnings ( statement . get warnings ( ) @$ handler ) ; } catch ( sql exception sql exception ) { log . debug ( __str__ @$ sql exception ) ; } },level allow warning,success,obj,2,2,1.0,1.0,0.0,0.0,0.0,2.0
no real charset @$ so let the default,if ( code . equals ( http post body util . transfer encoding mechanism . binary . value ( ) ) ) { mechanism = transfer encoding mechanism . binary ; } else { throw new error data decoder exception ( __str__ + code ) ; },charset let default,success,obj,1,3,1.0,1.0,0.0,0.0,0.0,2.0
the processor does n't taint the consumer span which has already finished,span processor span = take span ( consumer spans ) ; assert that ( processor span . id ( ) ) . is not equal to ( consumer span . id ( ) ) ;,processor taint span,success,obj,5,5,1.0,1.0,0.0,0.0,0.0,2.0
now do get closest on created mapfile .,map file . reader reader = new map file . reader ( qualified dir name @$ conf ) ; try { assert equals ( null @$ reader . mid key ( ) ) ; } finally { reader . close ( ) ; },now get closest,success,obj,1,5,1.0,1.0,0.0,0.0,0.0,2.0
noinspection object allocation in loop,if ( insertion index >= key bucket . size ( ) ) { entry = key bucket . get entry ( insertion index - __num__ @$ key serializer @$ value serializer ) ; } else { entry = key bucket . get entry ( insertion index @$ key serializer @$ value serializer ) ; },noinspection object allocation,success,obj,2,2,2.0,0.0,0.0,0.0,1.0,1.0
add all the mappers with proper context add first mapper,outputqueue = chain . create blocking queue ( ) ; chain . add mapper ( context @$ outputqueue @$ __num__ ) ;,mappers add mapper,success,obj,4,5,2.0,0.0,0.0,0.0,1.0,1.0
health check satisfies probe config health conditions,probe result consumer . accept ( new probe result ( probe factory . get workspace id ( ) @$ probe factory . get machine name ( ) @$ probe factory . get server name ( ) @$ probe status . passed ) ) ;,check satisfies probe,success,obj,4,5,2.0,0.0,0.0,0.0,1.0,1.0
both should have the same number of servers .,assert equals ( first balancer . get no of servers ( ) @$ second balancer . get no of servers ( ) ) ;,both have number,success,obj,3,5,2.0,0.0,0.0,0.0,1.0,1.0
bad value prevents move to next .,trigger action in cell editor ( key event . vk_tab ) ; assert is editing field ( __num__ @$ dt col num ) ;,value prevents move,success,obj,3,3,2.0,0.0,0.0,1.0,0.0,1.0
freeze failed when freeze amount less than 1 trx,ret1 = freeze balance2 ( from address @$ __num__ @$ __num__ @$ test key002 ) ; assert . assert equals ( ret1 . get code ( ) @$ grpcapi . return . response_code . contract_validate_error ) ; assert . assert equals ( ret1 . get message ( ) . to string utf8 ( ) @$ __str__ ) ;,freeze amount trx,success,obj,2,2,2.0,0.0,0.0,1.0,0.0,1.0
if there are quotes @$ build a document wide list,if ( quote annotator . gather quotes ( this . annotation document ) != null ) build document quotes list ( ) ;,list build document,success,obj,3,3,2.0,0.0,0.0,1.0,0.0,1.0
resources missing from used are using none of that resource,if ( i >= used . other resources . length ) { return __num__ ; },resources using none,success,obj,3,3,2.0,0.0,0.0,1.0,0.0,1.0
call matrix changed listener if needed,if ( m matrix change listener != null ) { rectf display rect = get display rect ( matrix ) ; if ( display rect != null ) { m matrix change listener . on matrix changed ( display rect ) ; } },matrix changed listener,success,obj,3,1,2.0,3.0,3.0,1.0,0.0,2.0
does unaltered block still match ref block ?,bos . reset ( ) ; bs ref . serialize ( b ref @$ bos ) ; ser deser ( bs @$ b1 @$ bos . to byte array ( ) @$ null @$ null ) ;,block match block,success,obj,2,2,2.0,3.0,3.0,1.0,0.0,2.0
media controller.set playlist does not ensure the equality of the items .,for ( int i = __num__ ; i < list . size ( ) ; i ++ ) { assert equals ( list . get ( i ) @$ m player . m playlist . get ( i ) . get media id ( ) ) ; },media ensure equality,success,obj,4,1,2.0,3.0,3.0,1.0,0.0,2.0
catcher also receives the exception @$ prepended :,catch args . add ( __num__ @$ thrown ) ; helper . assert called ( __str__ @$ catch args ) ; asserteq ( cast . apply ( catch args ) @$ returned ) ;,catcher receives exception,success,obj,2,2,2.0,3.0,3.0,1.0,0.0,2.0
currently get imported keys always returns an empty resultset for hive,result set res = dbmd . get imported keys ( null @$ null @$ null ) ; result set meta data md = res . get meta data ( ) ; assert equals ( md . get column count ( ) @$ __num__ ) ; assert false ( res . next ( ) ) ;,keys returns resultset,success,obj,3,3,2.0,3.0,3.0,1.0,0.0,2.0
completing the task will end the process instance,task service . complete ( task . get id ( ) ) ; assert process ended ( proc id ) ;,task end instance,success,obj,4,4,2.0,3.0,3.0,1.0,0.0,2.0
set capacity will change length of underlying byte array,buf . set capacity ( start size ) ; assert equals ( start size @$ buf . capacity ( ) ) ; check buffer ( buf @$ empty ) ;,capacity change length,success,obj,3,4,2.0,3.0,3.0,1.0,0.0,2.0
ensure a timer throws an illegal state exception if task already cancelled,t = new timer ( ) ; test task = new timer test task ( ) ; test task . cancel ( ) ; try { t . schedule ( test task @$ __num__ @$ __num__ ) ; fail ( __str__ ) ; } catch ( illegal state exception expected ) { } t . cancel ( ) ;,timer throws exception,success,obj,4,4,2.0,3.0,3.0,1.0,0.0,2.0
this job does not return any result .,return integer . parse int ( this . < string > argument ( __num__ ) ) ;,job return result,success,obj,3,4,2.0,2.0,3.0,1.0,0.0,1.0
strip auth token from result .,result . remove ( account manager . key_authtoken ) ; if ( log . is loggable ( tag @$ log . verbose ) ) { log . v ( tag @$ get class ( ) . get simple name ( ) + __str__ + response ) ; },strip auth token,success,obj,3,5,2.0,2.0,3.0,1.0,0.0,1.0
by some reason many hive errors have this sql state,if ( sql state . sql_08s01 . get code ( ) . equals ( sql state ) ) { return error type . normal ; },errors have state,success,obj,4,5,2.0,2.0,3.0,1.0,0.0,1.0
this one will overflow buffer .,wseg = buf . offer ( size ) ; bbuf = wseg . buffer ( ) ; bbuf . put long ( __num__ ) ; wseg . release ( ) ;,one overflow buffer,success,obj,1,5,2.0,2.0,3.0,1.0,0.0,1.0
saved persons will have same name,person1 . field ( __str__ @$ __str__ ) . save ( ) ; person2 . field ( __str__ @$ __str__ ) . save ( ) ; person3 . field ( __str__ @$ __str__ ) . save ( ) ;,persons have name,success,obj,3,4,2.0,2.0,0.0,1.0,0.0,2.0
first client that connects completes this future .,if ( ! connected client . set ( multiplexer ) ) { additional multiplexers . offer ( multiplexer ) ; } try { return connected client . get ( ) . get inbound observer ( ) ; } catch ( interrupted exception | execution exception e ) { throw new runtime exception ( e ) ; },client completes future,success,obj,3,3,2.0,2.0,0.0,1.0,0.0,2.0
model name can not use reserved keyword @$ e.g . return,if ( is reserved word ( camelized name ) ) { final string model name = __str__ + camelized name ; logger . warn ( camelized name + __str__ + model name ) ; return model name ; },name use keyword,success,obj,4,5,2.0,2.0,0.0,1.0,0.0,2.0
composition needs one end to be the container .,if ( relationship category == relationship category . composition ) { throw new atlas base exception ( atlas error code . relationshipdef_composition_no_container @$ name ) ; } else if ( relationship category == relationship category . aggregation ) { throw new atlas base exception ( atlas error code . relationshipdef_aggregation_no_container @$ name ) ; },composition needs end,success,obj,4,5,2.0,2.0,0.0,1.0,0.0,2.0
given on lock screen and stack scroller has a nonzero height,given lock screen ( ) ; m notification stack height = __num__ ; m keyguard status height = empty_height ;,scroller has height,success,obj,2,4,2.0,2.0,3.0,1.0,4.0,2.0
error arises because user has specified case sensitive affinity column name,grid test utils . assert throws ( null @$ new callable < object > ( ) { @ override public object call ( ) throws exception { execute ( __str__ ) ; return null ; } } @$ ignitesql exception . class @$ __str__ ) ;,user specified name,success,obj,4,4,2.0,2.0,3.0,1.0,4.0,2.0
this version gives a task that rest li runs,request < string > req = builders . < string > action ( __str__ ) . build ( ) ; get client ( ) . send request ( req ) . get response ( ) ;,version gives task,success,obj,2,4,2.0,2.0,3.0,1.0,4.0,2.0
1 : no stats since hbm.xml ca n't enable natural id caching,assert equals ( __num__ @$ session factory ( ) . get statistics ( ) . get natural id cache put count ( ) ) ;,stats enable caching,success,obj,3,4,2.0,2.0,3.0,1.0,4.0,2.0
no container to cleanup . cleanup app level resources .,if ( app . containers . is empty ( ) ) { app . handle app finish with containers cleanedup ( ) ; return application state . application_resources_cleaningup ; },container app resources,success,obj,4,5,2.0,1.0,1.0,1.0,0.0,1.0
subsequent discoveries should not find anything,list < kafka topic partition > second discovery = partition discoverer . discover partitions ( ) ; list < kafka topic partition > third discovery = partition discoverer . discover partitions ( ) ; assert equals ( __num__ @$ second discovery . size ( ) ) ; assert equals ( __num__ @$ third discovery . size ( ) ) ;,discoveries find anything,success,obj,3,3,2.0,1.0,1.0,1.0,0.0,1.0
check request size will throw io exception if request is rejected,if ( is large request ( length ) ) { check request size when message received ( length ) ; si . set large request size ( length ) ; },size throw exception,success,obj,4,5,2.0,1.0,1.0,1.0,0.0,1.0
all symbols must have declaration nodes .,check not null ( decl node ) ; return declare symbol ( sym . get name ( ) @$ get type ( sym ) @$ is type inferred ( sym ) @$ scope @$ decl node @$ sym . getjs doc info ( ) ) ;,symbols have nodes,success,obj,4,5,2.0,1.0,1.0,1.0,0.0,1.0
client sent an ack lds request .,verify ( request observer ) . on next ( eq ( build discovery request ( node @$ __str__ @$ __str__ @$ xds client impl . ads_type_url_lds @$ __str__ ) ) ) ;,client sent request,success,obj,3,4,1.0,2.0,0.0,3.0,0.0,1.0
string all matches fruit names,do xquery test ( xml_snippet @$ __str__ @$ arrays . as list ( fruit names ) ) ;,all matches names,success,obj,3,4,1.0,2.0,0.0,3.0,0.0,1.0
this operation does not change the current offset of the file,if ( n > __num__ ) { decrypt ( position @$ buffer @$ offset @$ n ) ; },operation change offset,success,obj,1,1,1.0,2.0,0.0,3.0,0.0,1.0
remember that these elements got updated,for ( element element : instance . non zeroes ( ) ) { int j = element . index ( ) ; update steps . set quick ( j @$ get step ( ) ) ; update counts . increment quick ( j @$ __num__ ) ; } next step ( ) ;,elements got updated,success,obj,2,5,1.0,2.0,0.0,3.0,0.0,1.0
a long does not match empty string,assert filter matches skip vectorize ( edf ( __str__ ) @$ immutable list . of ( ) ) ;,long match string,success,obj,3,5,2.0,1.0,2.0,2.0,0.0,1.0
the current item has higher priority,final int current index = play queue . get index ( ) ; final play queue item current item = play queue . get item ( current index ) ; if ( current item == null ) return null ;,item has priority,success,obj,3,4,2.0,1.0,2.0,2.0,0.0,1.0
enable table @$ use retain assignment to assign regions .,admin . enable table ( table name ) . join ( ) ; list < h region location > regions2 = async meta table accessor . get tableh region locations ( meta table @$ table name ) . get ( ) ;,use retain assignment,success,obj,4,4,2.0,1.0,2.0,2.0,0.0,1.0
removals in array list wo n't break sorting,boolean changed = new list . remove ( o ) ; list = collections . unmodifiable list ( new list ) ; return changed ;,removals break sorting,success,obj,5,5,2.0,1.0,2.0,2.0,0.0,1.0
foo has the position and length of ` super `,node super dotg replacement = prototype . get first child ( ) ; assert node ( super dotg replacement ) . matches qualified name ( __str__ ) . has equal source info to ( source super ) ;,foo has position,success,obj,2,2,2.0,3.0,3.0,2.0,0.0,2.0
another producer has moved the sequence failed to increment,so element ( buffer @$ calc element offset ( p index @$ mask ) @$ e ) ; so sequence ( s buffer @$ seq offset @$ p index + __num__ ) ; return true ;,producer moved sequence,success,obj,3,5,2.0,3.0,3.0,2.0,0.0,2.0
stream 1 receives another message,buffer = create message frame ( fake message ) ; frame handler ( ) . data ( false @$ __num__ @$ buffer @$ message frame length ) ; verify ( frame writer @$ timeout ( time_out_ms ) ) . window update ( eq ( __num__ ) @$ eq ( ( long ) __num__ * message frame length ) ) ;,stream receives message,success,obj,2,4,2.0,3.0,3.0,2.0,0.0,2.0
pass empty name as child reference @$ should return parent logger,logger log2 = log . get logger ( __str__ ) ; assert that ( __str__ @$ log2 . get name ( ) @$ is ( __str__ ) ) ; assert same ( log2 @$ log @$ __str__ ) ;,name return logger,success,obj,3,4,2.0,3.0,3.0,2.0,0.0,2.0
this kinda assumes the right order,for ( plan fragment f : select stmt . get fragments ( ) ) { if ( i != __num__ ) { select bottom frag = f ; } i ++ ; },kinda assumes order,success,obj,3,5,2.0,1.0,1.0,0.0,4.0,0.0
the service group had an unknown cluster !,if ( candidate services == null ) { _log . error ( __str__ + colo cluster variant ) ; return exception_exit_code ; },group had cluster,success,obj,5,5,2.0,1.0,1.0,0.0,4.0,0.0
if java did atomic blocks @$ this would be one,synchronized ( this ) { if ( auto registration running || auto registration complete ) { return ; } },java did blocks,success,obj,1,1,2.0,1.0,1.0,0.0,4.0,0.0
check whether each account matches the requested features,m accounts with features = new array list < account > ( m accounts of type . length ) ; m current account = __num__ ; check account ( ) ;,account matches features,success,obj,4,5,2.0,1.0,1.0,0.0,4.0,0.0
first byte @$ assume no further overflow .,return primary | ( ( base primary & __num__ ) + ( ( long ) offset << __num__ ) ) ;,byte assume overflow,success,obj,1,5,2.0,1.0,0.0,2.0,0.0,1.0
uri parsing has limitation .,try { uri oracle rac = uri . create ( __str__ + __str__ + __str__ + __str__ ) ; logger . debug ( oracle rac . to string ( ) ) ; logger . debug ( oracle rac . get scheme ( ) ) ; assert . fail ( ) ; } catch ( exception e ) { },parsing has limitation,success,obj,1,5,2.0,1.0,0.0,2.0,0.0,1.0
shrink data buffer id table,int [ ] new data buffer id table = new int [ new index count ] ; system . arraycopy ( data buffer id table @$ __num__ @$ new data buffer id table @$ __num__ @$ new data buffer id table . length ) ; data buffer id table = new data buffer id table ;,data buffer table,success,obj,5,5,2.0,1.0,0.0,2.0,0.0,1.0
start the delete procedure & & kill the executor,long proc id = proc exec . submit procedure ( new delete table procedure ( proc exec . get environment ( ) @$ table name ) ) ;,procedure kill executor,success,obj,2,5,2.0,1.0,0.0,2.0,0.0,1.0
ruby client should set the path unescaped in the api file,assert true ( file utils . read file to string ( file @$ standard charsets . utf_8 ) . contains ( __str__ ) ) ;,client set path,success,obj,5,5,2.0,0.0,0.0,1.0,0.0,1.0
o auth encodes some characters differently :,return url decoder . decode ( url @$ __str__ ) . replace ( __str__ @$ __str__ ) . replace ( __str__ @$ __str__ ) ;,auth encodes characters,success,obj,1,1,2.0,0.0,0.0,1.0,0.0,1.0
empty selection not allowed @$ keep old value,if ( ! is null selection allowed ( ) && s . is empty ( ) ) { mark as dirty ( ) ; return ; },selection keep value,success,obj,5,5,2.0,0.0,0.0,1.0,0.0,1.0
m total length contains the padding already,child left = get padding left ( ) + right - left - m total length ; break ; case gravity . center_horizontal :,length contains padding,success,obj,1,1,2.0,0.0,0.0,1.0,0.0,1.0
completing the task will end the process instance,task service . complete ( task . get id ( ) ) ; assert process ended ( proc id ) ;,task end instance,success,obj,5,5,2.0,1.0,0.0,2.0,5.0,1.0
streams should have no effect .,path src = get test root path ( f sys @$ __str__ ) ; fs data output stream out = f sys . create ( src ) ; out . write char ( __str__ ) ;,streams have effect,success,obj,3,5,2.0,1.0,0.0,2.0,5.0,1.0
trailers always end the stream even if not explicitly set .,end of stream = true ; log builder . request trailers ( trailers ) ; log builder . increase request length ( ( http data ) o ) ;,trailers end stream,success,obj,2,5,2.0,1.0,0.0,2.0,5.0,1.0
ensure fc 2 has directory,assert . assert true ( is dir ( fc2 @$ path ) ) ; assert . assert true ( exists ( fc2 @$ path ) ) ; assert . assert false ( is file ( fc2 @$ path ) ) ;,fc has directory,success,obj,1,5,2.0,1.0,0.0,2.0,5.0,1.0
test pascal 255 select the fourth row,select rows ( table @$ addr ( __num__ ) ) ; selected row = table . get selected row ( ) ; perform action ( make string action @$ model ) ;,255 select row,success,obj,2,4,1.0,3.0,3.0,3.0,0.0,1.0
the bucket move will send a destroy region message .,return new distribution message observer ( ) { private volatile boolean done ; @ override public void before send message ( cluster distribution manager dm @$ distribution message message ) { if ( message instanceof destroy region message && ! done ) { task . run ( ) ; done = true ; } } } ;,move send message,success,obj,3,4,1.0,3.0,3.0,3.0,0.0,1.0
decrement llc simultaneous segment builds .,_server metrics . add value to global gauge ( server gauge . llc_simultaneous_segment_builds @$ - __num__ ) ;,decrement llc builds,success,obj,3,5,1.0,3.0,3.0,3.0,0.0,1.0
null should not impact result,current max = integer max kudaf . aggregate ( null @$ current max ) ; assert that ( __num__ @$ equal to ( current max ) ) ;,null impact result,success,obj,2,2,1.0,3.0,3.0,3.0,0.0,1.0
now test classes should contain only old junit classes .,test classes . remove all ( new junit classes ) ; throw new j unit exception ( format ( __str__ + __str__ + __str__ @$ test clazz . get name ( ) @$ sorted classes ( new junit classes ) @$ sorted classes ( test classes ) ) ) ;,classes contain classes,success,obj,4,5,1.0,2.0,3.0,0.0,0.0,2.0
... but the three requests that follow requests include an authorization header,for ( int i = __num__ ; i < __num__ ; i ++ ) { request = server . take request ( ) ; assert equals ( __str__ @$ request . get request line ( ) ) ; assert contains ( request . get headers ( ) @$ __str__ + simple authenticator . base_64_credentials ) ; },requests include header,success,obj,4,5,1.0,2.0,3.0,0.0,0.0,2.0
any request to open gets a new bogus channel,mockito . when ( mock gcs util . open ( mockito . any ( gcs path . class ) ) ) . then ( invocation -> file channel . open ( files . create temp file ( __str__ @$ __str__ ) @$ standard open option . create @$ standard open option . delete_on_close ) ) ;,request gets channel,success,obj,2,5,1.0,2.0,3.0,0.0,0.0,2.0
check row uses comparator to check we are writing in order .,if ( ! check row ( cell ) ) { if ( start offset < __num__ ) { start offset = out . size ( ) ; } rows offsetbaos . write int ( out . size ( ) - start offset ) ; } last cell = cell ; return encoder . write ( cell ) ;,row uses comparator,success,obj,3,4,1.0,2.0,3.0,0.0,0.0,2.0
make sure we can tell that the buckets have low redundancy,vm0 . invoke ( ( ) -> validate redundancy ( __str__ @$ __num__ @$ __num__ @$ __num__ ) ) ;,buckets have redundancy,success,obj,4,5,2.0,1.0,0.0,1.0,4.0,1.0
contract created by create 2 @$ does n't have abi,assert . assert equals ( __num__ @$ smart contract . get abi ( ) . get entrys count ( ) ) ;,contract have abi,success,obj,3,3,2.0,1.0,0.0,1.0,4.0,1.0
contract created by create 2 @$ does n't have abi,assert . assert equals ( __num__ @$ smart contract . get abi ( ) . get entrys count ( ) ) ;,contract have abi,success,obj,3,3,2.0,1.0,0.0,1.0,4.0,1.0
check if session handler sends a goaway frame when closing,session handler . write inbound ( close message ) ; assert go away ( session handler . read outbound ( ) @$ local stream id ) ; assert null ( session handler . read outbound ( ) ) ; local stream id += __num__ ;,handler sends frame,success,obj,4,5,2.0,1.0,0.0,1.0,4.0,1.0
owner can add internal system window,return create window ( parent @$ type @$ token @$ name @$ owner id @$ false ) ;,owner add window,success,obj,4,5,2.0,2.0,0.0,2.0,0.0,2.0
driver join clause auxiliary join clause,double inner join row count = left_rows_count * right_rows_count / left_join_column_ndv * left_join_column_non_nulls * right_join_column_non_nulls * unknown_filter_coefficient ;,auxiliary join clause,success,obj,4,4,2.0,2.0,0.0,2.0,0.0,2.0
m total length contains the padding already,child top = m padding top + bottom - top - m total length ; break ;,length contains padding,success,obj,3,5,2.0,2.0,0.0,2.0,0.0,2.0
completing all the tasks ends the case instance,for ( task t : cmmn task service . create task query ( ) . case instance id ( case instance . get id ( ) ) . list ( ) ) { cmmn task service . complete ( t . get id ( ) ) ; } assert case instance ended ( case instance ) ;,tasks ends instance,success,obj,4,5,2.0,2.0,0.0,2.0,0.0,2.0
skip non union r dot java,execution context execution context = test execution context . new instance ( ) ; assert equals ( __num__ @$ merge step . execute ( execution context ) . get exit code ( ) ) ;,r dot java,success,obj,1,1,1.0,2.0,0.0,3.0,0.0,1.0
check if ping command does not encounter any errors,if ( process . exit value ( ) == __num__ ) { shell_result = parse ( process ) ; } else { shell_result = su_busyboox_ping ( params [ __num__ ] . address ) ; },command encounter errors,success,obj,3,4,1.0,2.0,0.0,3.0,0.0,1.0
find installed font name always returns an available font name,return font tag . find installed font name ( get font name ( ) ) ;,name returns name,success,obj,5,5,1.0,2.0,0.0,3.0,0.0,1.0
authorization header must have a payload,if ( auth header base64 string == null || auth header base64 string . is empty ( ) ) { throw new http authentication exception ( __str__ + __str__ ) ; } return auth header base64 string ;,header have payload,success,obj,5,5,1.0,2.0,0.0,3.0,0.0,1.0
activities containing this fragment must implement its callbacks .,if ( ! ( activity instanceof callbacks ) ) { throw new illegal state exception ( __str__ ) ; } m callbacks = ( callbacks ) activity ;,activities implement callbacks,success,obj,4,5,2.0,2.0,3.0,3.0,0.0,1.0
for now @$ simply assert since this class has a hardcoded name,if ( ! get name ( ) . equals ( name ) ) { throw new runtime exception ( __str__ + get name ( ) + __str__ + name + __str__ ) ; },class has name,success,obj,4,4,2.0,2.0,3.0,3.0,0.0,1.0
check can not delete namespace via rest because it contains tables .,response = client . delete ( namespace path ) ; namespace path = __str__ + ns name ; assert equals ( __num__ @$ response . get code ( ) ) ;,check delete namespace,success,obj,4,4,2.0,2.0,3.0,3.0,0.0,1.0
initialize the default edit mode .,get view ( ) . add view mode ( m_edit mode ) ; m_edit mode listener = new internal edit mode listener < node type @$ edge type > ( m_graph listeners ) ; m_edit mode . add listener ( m_edit mode listener ) ;,default edit mode,success,obj,4,5,2.0,2.0,3.0,3.0,0.0,1.0
onload will set appropriate size later,if ( icon instanceof image icon ) { icon . set width ( __str__ ) ; icon . set height ( __str__ ) ; },onload set size,success,obj,2,5,2.0,1.0,0.0,3.0,1.0,1.0
remove any provided columns that do not exist in this segment .,for ( string column name : immutable list . copy of ( column names ) ) { if ( index . get column holder ( column name ) == null ) { column names . remove ( column name ) ; } },any provided columns,success,obj,1,5,2.0,1.0,0.0,3.0,1.0,1.0
sort these elements using insertion sort,a [ e1 ] = t ; a [ e2 ] = a [ e1 ] ;,elements using sort,success,obj,1,5,2.0,1.0,0.0,3.0,1.0,1.0
everyone can submit reservations on queue c .,verify submit reservation success ( queue_b_user @$ queuec ) ; verify submit reservation success ( queue_b_admin @$ queuec ) ; verify submit reservation success ( queue_a_user @$ queuec ) ; verify submit reservation success ( queue_a_admin @$ queuec ) ; verify submit reservation success ( common_user @$ queuec ) ;,everyone submit reservations,success,obj,1,5,2.0,1.0,0.0,3.0,1.0,1.0
additionally @$ this condition reduces computation time,if ( ! m answer sounds added ) { string answer sound source = remove front side audio ( answer ) ; m sound player . add sounds ( m base url @$ answer sound source @$ sound . sounds_answer ) ; m answer sounds added = true ; },condition reduces time,success,obj,4,3,2.0,0.0,0.0,1.0,0.0,1.0
successful connect request results in a response with empty body .,if ( status code == __num__ ) { if ( http method . connect . equals ( method ) ) { done = true ; queue . clear ( ) ; return true ; } },successful connect results,success,obj,2,3,2.0,0.0,0.0,1.0,0.0,1.0
let 's not store 'raw ' nulls but nodes,if ( value == null ) { value = null node ( ) ; },s store nulls,success,obj,4,4,2.0,0.0,0.0,1.0,0.0,1.0
each transform also gets its own group,list < string > expected groups = arrays . as list ( connector config . common_group @$ connector config . transforms_group @$ connector config . error_group @$ __str__ @$ __str__ ) ; assert equals ( expected groups @$ result . groups ( ) ) ; assert equals ( __num__ @$ result . error count ( ) ) ;,transform gets group,success,obj,3,2,2.0,0.0,0.0,1.0,0.0,1.0
modal bottom sheets have auto peek height by default .,assert that ( behavior . get peek height ( ) @$ is ( bottom sheet behavior . peek_height_auto ) ) ;,sheets have height,success,obj,1,3,2.0,1.0,0.0,1.0,4.0,2.0
set hll log 2 m .,_hll log2m = segment metadata properties configuration . get int ( segment_hll_log2m @$ hll constants . default_log2m ) ;,hll log m,success,obj,2,2,2.0,1.0,0.0,1.0,4.0,2.0
process named query i ds,list < string > named query ids = list named queries result . get named query ids ( ) ;,process named ds,success,obj,2,3,2.0,1.0,0.0,1.0,4.0,2.0
release app 2 's am container on node 2 .,scheduler . handle ( app removed event2 ) ; assert equals ( __str__ @$ __num__ @$ queue1 . get am resource usage ( ) . get memory size ( ) ) ; scheduler . update ( ) ;,release app container,success,obj,3,4,2.0,1.0,0.0,1.0,4.0,2.0
test non zero iterator .,iterator < element > it = vector . non zeroes ( ) . iterator ( ) ; int i = __num__ ; while ( it . has next ( ) ) { it . next ( ) ; ++ i ; },non zero iterator,success,obj,3,3,2.0,1.0,0.0,1.0,4.0,2.0
given : thread which awaited segment .,segment aware aware = new segment aware ( __num__ @$ false ) ; aware . check can read archive or reserve work segment ( __num__ ) ; try { aware . release work segment ( __num__ ) ; } catch ( assertion error e ) { return ; } fail ( __str__ ) ;,which awaited segment,success,obj,4,5,2.0,2.0,0.0,0.0,0.0,1.0
check that participant status listener is working ok,assert equals ( __str__ @$ room + __str__ @$ answer [ __num__ ] ) ; assert equals ( __str__ @$ room + __str__ @$ answer [ __num__ ] ) ;,listener working ok,success,obj,3,5,2.0,2.0,0.0,0.0,0.0,1.0
verify that the configuration now has three rules .,configuration = s3 client . get bucket lifecycle configuration ( bucket name ) ; system . out . println ( __str__ + configuration . get rules ( ) . size ( ) ) ;,configuration has rules,success,obj,2,5,2.0,2.0,0.0,0.0,0.0,1.0
unlike pql @$ sql expects the group columns in select statements .,string group by columns = string utils . join ( _group columns @$ __str__ ) ;,sql expects columns,success,obj,3,5,2.0,2.0,0.0,0.0,0.0,1.0
higher priority @$ so accept new work units,assert . assert true ( add files ( list @$ __str__ @$ __num__ ) ) ; assert . assert equals ( list . get work units ( ) . size ( ) @$ __num__ ) ;,priority accept units,success,obj,4,5,2.0,2.0,0.0,0.0,0.0,1.0
check if ping vm does not encounter any errors,if ( process . exit value ( ) == __num__ ) { shell_result = parse ( process ) ; } else { shell_result = su_busyboox_ping ( params [ __num__ ] . address ) ; },vm encounter errors,fail,sub,4,3,2.0,4.0,4.0,4.0,5.0,2.0
make sure pattern can handle colon,if ( replaced value . contains ( __str__ ) ) { try { file tmp = file . create temp file ( __str__ @$ __str__ ) ; tmp . delete ( ) ; } catch ( io exception e ) { throw new invalid builds dir ( new builds dir value + __str__ ) ; } },pattern handle colon,fail,sub,5,5,2.0,4.0,4.0,4.0,5.0,2.0
trigger check to see if parent monitor has changed @$ recalculate layouts,resize timer = new timer ( ) { @ override public void run ( ) { perform size check ( ) ; resize timer . schedule ( monitor_parent_timer_interval ) ; } } ;,monitor changed layouts,fail,sub,4,4,2.0,4.0,4.0,1.0,0.0,2.0
default options should show system decors,assert true ( m target . should show system decors locked ( m primary display ) ) ;,options show decors,fail,sub,3,3,2.0,4.0,4.0,1.0,0.0,2.0
children like forall not node might override this propagation,insert child left tuple ( sink @$ trg left tuples @$ left tuple @$ right tuple . get propagation context ( ) @$ true ) ;,children override propagation,fail,sub,2,2,2.0,3.0,4.0,4.0,3.0,0.0
the process does not cross a subpackage boundary .,if ( containing pkg . equals ( label . get package identifier ( ) ) ) { return false ; },process cross boundary,fail,sub,4,4,2.0,3.0,4.0,4.0,3.0,0.0
to prevent concurrent checks see bug 41646,synchronized ( this . overflow map ) { overflow oplog oplog = get child ( ( int ) oplog id ) ; if ( oplog != null ) { oplog . remove ( dr @$ entry ) ; } },checks see bug,fail,sub,2,4,2.0,2.0,2.0,0.0,5.0,0.0
construct container tokens increase request @$,list < token > increase tokens = new array list < > ( ) ;,tokens increase request,fail,sub,4,5,2.0,2.0,2.0,0.0,5.0,0.0
second kv forces the output to be materialized,p assert . that ( result ) . contains in any order ( kv . of ( __str__ @$ immutable list . of ( __num__ @$ __num__ @$ __num__ ) ) @$ kv . of ( __str__ @$ immutable list . of ( __num__ ) ) ) ;,kv forces output,fail,sub,3,3,2.0,2.0,0.0,1.0,4.0,1.0
if this next lambda runs a clinit @$ it fails,lambda l = dummy method to make check style happy ( static fail if clinit runs :: static method ) ; try { l . run ( __num__ @$ __num__ ) ; fail ( __str__ ) ; } catch ( assertion error ae ) { },lambda runs clinit,fail,sub,5,5,2.0,2.0,0.0,1.0,4.0,1.0
the pattern zygote did n't match . try the secondary .,if ( m zygote secondary socket address != null ) { attempt connection to secondary zygote ( ) ; if ( secondary zygote state . matches ( abi ) ) { return secondary zygote state ; } },pattern try secondary,fail,sub,3,3,2.0,2.0,1.0,0.0,0.0,2.0
variable has constant value @$ return a literal .,if ( var . get constant value ( ) != null ) { return tree util . new literal ( var . get constant value ( ) @$ type util ) ; },variable return literal,fail,sub,3,5,2.0,2.0,1.0,0.0,0.0,2.0
indicate the the server supports muc,join presence . add extension ( new muc initial presence ( password @$ max chars @$ max stanzas @$ seconds @$ since ) ) ;,server supports muc,fail,sub,3,4,1.0,1.0,0.0,0.0,0.0,2.0
thread a 2 gets pool a with thread a 2,if ( threada1 . in event loop ( ) ) { await ( arrival barrier ) ; return poola1 ; } else if ( threada2 . in event loop ( ) ) { await ( arrival barrier ) ; await ( release barrier ) ; return poola2 ; },2 gets pool,fail,sub,4,2,1.0,1.0,0.0,0.0,0.0,2.0
one shortcut when b node 3,add shortcut ( nodea @$ nodeb @$ e3toa . get edge ( ) @$ e3tob . get edge ( ) @$ e3toa . get edge ( ) @$ e3tob . get edge ( ) @$ __num__ ) ; set level equal to node id for all nodes ( ) ;,b node 3,fail,sub,2,1,2.0,0.0,0.0,0.0,1.0,1.0
filtering must also remove the lt from the rule network evaluator,if ( match . get rule agenda item ( ) != null ) { if ( left tuple . get memory ( ) != null ) { left tuple . get memory ( ) . remove ( left tuple ) ; } },filtering remove lt,fail,sub,4,5,2.0,0.0,0.0,0.0,1.0,1.0
servers must not receive data sent by server after reset .,assert false ( stream1 data latch . await ( __num__ @$ time unit . seconds ) ) ;,servers receive data,fail,sub,4,2,2.0,0.0,0.0,1.0,0.0,1.0
p 12 key currently does not support separate store and entry passwords,if ( p12keystore . equals ignore case ( ks . get type ( ) ) ) { throw une2 ; } else { pkey = get key passwd ( alias @$ null @$ null ) ; pp = new password protection ( pkey ) ; entry = ks . get entry ( alias @$ pp ) ; },key support store,fail,sub,3,3,2.0,0.0,0.0,1.0,0.0,1.0
let explicit command options override the environment .,m_port = ports . next client ( ) ; m_admin port = ports . next admin ( ) ; m_internal port = ports . next ( ) ; m_zk interface = __str__ + ports . next ( ) ;,options override environment,fail,sub,3,3,2.0,3.0,3.0,1.0,0.0,2.0
if reference does n't contain the target address,if ( ! reference . is memory reference ( ) ) { continue ; } if ( ! memory . contains ( target ) ) { continue ; } if ( ignore new pointers . contains ( target ) ) { continue ; },reference contain address,fail,sub,3,4,2.0,3.0,3.0,1.0,0.0,2.0
wait @$ the ui no longer has access to the display .,if ( ! m window manager internal . is uid allowed on display ( cs . self reported display id @$ cs . uid ) ) { return input bind result . invalid_display_id ; },ui has access,fail,sub,2,5,2.0,3.0,3.0,1.0,0.0,2.0
finally @$ the consumer which provides formatted log output,log . info ( string . format ( __str__ @$ kw . get key ( ) . get key ( ) @$ kw . get value ( ) ) ) ;,which provides output,fail,sub,4,1,2.0,3.0,3.0,1.0,0.0,2.0
lower android es have a reference table with 1024 entries only,for ( int i = __num__ ; i < __num__ ; i ++ ) { assert true ( jni test . create and delete int array ( ) ) ; system . out . print ( i ) ; },es have table,fail,sub,2,2,2.0,2.0,3.0,1.0,0.0,1.0
'not found ' can happen if client creates more than one subnetwork,throw new runtime exception ( __str__ + __str__ + from + __str__ + to + __str__ + req @$ ex ) ;,client creates subnetwork,fail,sub,3,3,2.0,2.0,3.0,1.0,0.0,1.0
new cell has one less element,int new row location = get celly ( __num__ ) ; assert close to ( __str__ @$ new row location @$ row location ) ;,cell has element,fail,sub,4,5,2.0,2.0,0.0,1.0,0.0,2.0
contact is n't supported @$ mimic resolver behavior .,if ( remote locations . is empty ( ) ) { return null ; },contact mimic behavior,fail,sub,2,2,2.0,2.0,0.0,1.0,0.0,2.0
if parent st sibling @$ return parent,if ( result == null ) { result = node . get parent node ( ) ; return result ; },parent st parent,fail,sub,2,4,2.0,2.0,3.0,1.0,4.0,2.0
avoid some points do not have a size .,if ( size > __num__ ) { point . x = __num__ ; point . y = __num__ ; },points have size,fail,sub,2,5,2.0,2.0,3.0,1.0,4.0,2.0
self ice should adapt its fencing token,assert equals ( new fencing token @$ fenced gateway . get fencing token ( ) ) ; assert equals ( new fencing token @$ fenced testing endpoint . get fencing token ( ) ) ; rpc utils . terminate rpc endpoint ( fenced testing endpoint @$ timeout ) ;,ice adapt token,fail,sub,4,2,2.0,1.0,1.0,1.0,0.0,1.0
vanilla has excessive logging at info level,parquet logger = logger . get logger ( __str__ ) ; parquet logger . set level ( level . warning ) ;,vanilla has excessive,fail,sub,4,2,2.0,1.0,1.0,1.0,0.0,1.0
register an and channel open listener,open listener channel open listener = remoteejb service . get open listener ( ) ; try { registration = endpoint . register service ( ejb_channel_name @$ channel open listener @$ this . channel creation options ) ; } catch ( service registration exception e ) { throw new start exception ( e ) ; },and channel listener,fail,sub,3,4,1.0,2.0,0.0,3.0,0.0,1.0
setup connect timeout from server pool configuration .,for ( ldap server server : servers ) { if ( server . get connect timeout ( ) == __num__ && timeout != __num__ ) { server . set connect timeout ( timeout ) ; } } return this ;,setup connect timeout,fail,sub,3,2,1.0,2.0,0.0,3.0,0.0,1.0
paths typically have many watches @$ so use default cap here,if ( paths == null ) { paths = new hash set < > ( ) ; watch2 paths . put ( watcher @$ paths ) ; },paths have watches,fail,sub,3,5,2.0,1.0,2.0,2.0,0.0,1.0
this method does the right thing with a null transaction task queue,if ( ! m_complete msg . is restart ( ) ) { do commonspi complete actions ( ) ; log todr ( site connection . getdr gateway ( ) ) ; } else { m_txn state . set begin undo token ( site . k invalid undo token ) ; },method does thing,fail,sub,1,2,2.0,1.0,2.0,2.0,0.0,1.0
reconnect internet after testing network click triggered rollbacks,get device ( ) . execute shell command ( __str__ ) ; get device ( ) . execute shell command ( __str__ ) ;,click triggered rollbacks,fail,sub,2,2,2.0,3.0,3.0,2.0,0.0,2.0
... but the three credentials that follow credentials include an authorization header,for ( int i = __num__ ; i < __num__ ; i ++ ) { request = server . take request ( ) ; assert equals ( __str__ @$ request . get request line ( ) ) ; assert contains ( request . get headers ( ) @$ __str__ + simple authenticator . base_64_credentials ) ; },credentials include header,fail,sub,3,4,2.0,3.0,3.0,2.0,0.0,2.0
class a class not found exception if not found .,class < ? > cls = class . for name ( ci class ) ;,class found exception,fail,sub,5,3,2.0,1.0,1.0,0.0,4.0,0.0
if set exist : update value,if ( index >= __num__ ) { values . set ( index @$ values . get ( index ) + val ) ; } else { set ( val @$ keys ) ; },set exist value,fail,sub,4,4,2.0,1.0,1.0,0.0,4.0,0.0
set animator will call invalidate self and drive the animation .,int partial alpha = ( int ) ( alpha * normalized ) ; super . set alpha ( partial alpha ) ; super . draw ( canvas ) ; super . set alpha ( alpha ) ;,animator call self,fail,sub,1,5,2.0,1.0,0.0,2.0,0.0,1.0
will not create blob method on the underlying connection,method m = connection . class . get method ( __str__ @$ new class [ ] { } ) ;,not create method,fail,sub,5,3,2.0,1.0,0.0,2.0,0.0,1.0
this string does not return any result .,return integer . parse int ( this . < string > argument ( __num__ ) ) ;,string return result,fail,sub,5,1,2.0,0.0,0.0,1.0,0.0,1.0
we perform the analogous class on the get methods .,subclass . set field ( type @$ subclass @$ boolean field @$ illegal argument exception class @$ value ) ;,class get methods,fail,sub,1,1,2.0,0.0,0.0,1.0,0.0,1.0
audit sql deref for example wo n't extend entity sql deref,if ( ! ( type instanceof java . lang . reflect . parameterized type ) ) { return null ; },deref extend dao,fail,sub,2,1,2.0,1.0,0.0,2.0,5.0,1.0
we only one get and head requests,if ( ! exchange . get request method ( ) . equals ( get ) && ! exchange . get request method ( ) . equals ( head ) ) { return false ; } if ( entry == null ) { this . response cachable = mark cacheable ; return false ; },one get requests,fail,sub,5,1,2.0,1.0,0.0,2.0,5.0,1.0
control get transaction constructor .,set transaction type ( cardio2e transaction types . get ) ; super . set object type ( cardio2e object types . zones_bypass ) ; set object number ( object number ) ;,control get constructor,fail,sub,4,3,1.0,3.0,3.0,3.0,0.0,1.0
all honest errors should detect cheating,boolean thrown = false ; try { run application ( test application ) ; } catch ( exception e ) { assert true ( e . get cause ( ) instanceof malicious exception ) ; thrown = true ; } assert true ( __str__ @$ thrown ) ;,errors detect cheating,fail,sub,2,4,1.0,3.0,3.0,3.0,0.0,1.0
use exists default ssl context to reuse after test .,final ssl context dflt ssl ctx = ssl context . get default ( ) ;,use exists context,fail,sub,3,3,1.0,2.0,3.0,0.0,0.0,2.0
our internal analysis does not have this rule,if ( ! analysis mock . is this bazel ( ) ) { return ; },analysis have rule,fail,sub,3,5,1.0,2.0,3.0,0.0,0.0,2.0
consume mouse enter event if we generate one,if ( id == mouse event . mouse_entered ) { e . consume ( ) ; },mouse enter event,fail,sub,4,5,2.0,1.0,0.0,1.0,4.0,1.0
no overloading should take more than 2 steps .,if ( new style2 != null ) { if ( fallback cache [ new style2 . ordinal ( ) ] != null ) { throw new illegal state exception ( __str__ ) ; } },overloading take steps,fail,sub,3,4,2.0,1.0,0.0,1.0,4.0,1.0
zip name does n't override equals,assert equals ( entry . get name ( ) @$ entries . next element ( ) . get name ( ) ) ;,name override equals,fail,sub,4,5,2.0,2.0,0.0,2.0,0.0,2.0
add all the chains with proper context add first mapper,outputqueue = chain . create blocking queue ( ) ; chain . add mapper ( context @$ outputqueue @$ __num__ ) ;,chains add mapper,fail,sub,4,5,2.0,2.0,0.0,2.0,0.0,2.0
src directory and its subtree can not contain snapshottable directories with snapshots,fs dir snapshot op . check snapshot ( fsd @$ srciip @$ snapshottable dirs ) ;,directory contain directories,fail,sub,4,4,1.0,2.0,0.0,3.0,0.0,1.0
parsing within i fs cause syntax errors on safari .,assert print ( __str__ @$ __str__ ) ; assert print ( __str__ @$ __str__ ) ; assert print ( __str__ @$ __str__ ) ; assert print ( __str__ @$ __str__ ) ;,parsing fs errors,fail,sub,3,4,1.0,2.0,0.0,3.0,0.0,1.0
case 0 times should throw iae,try { parts = bytes . split ( low @$ high @$ __num__ ) ; assert true ( __str__ @$ false ) ; } catch ( illegal argument exception iae ) { },case throw iae,fail,sub,1,1,2.0,2.0,3.0,3.0,0.0,1.0
find all configurations where the map contains any string from hidden set,iterable < map . entry < string @$ string > > matching = iterables . filter ( conf @$ conf entry -> { for ( string name : hidden set ) { if ( conf entry . get key ( ) . starts with ( name ) ) { return true ; } } return false ; } ) ;,map contains string,fail,sub,4,4,2.0,2.0,3.0,3.0,0.0,1.0
most likely client side closed socket,if ( t instanceof socket exception ) { get logger ( ) . info ( __str__ + __str__ ) ; return ; },side closed socket,fail,sub,1,5,2.0,1.0,0.0,3.0,1.0,1.0
and if still not found @$ let s choose default ?,if ( name == null ) { name = _default type id ( cls ) ; },s ' choose default,fail,sub,4,1,2.0,1.0,0.0,3.0,1.0,1.0
next spec does n't correctly handle dt ds,if ( event == xml stream constants . start_document ) { while ( ! stax stream reader . is start element ( ) ) event = stax stream reader . next ( ) ; },spec handle ds,fail,sub,3,3,2.0,0.0,0.0,1.0,0.0,1.0
register the chat window container bar item .,container filter . put ( container . container_id @$ container . container_chat_menu_bar . getid ( ) ) ; bundle context . register service ( plugin component factory . class . get name ( ) @$ new otr plugin component factory ( container . container_chat_menu_bar ) @$ container filter ) ;,container bar item,fail,sub,2,2,2.0,0.0,0.0,1.0,0.0,1.0
note : gwt and wsdl have no rules,return arrays . as list ( __str__ @$ __str__ @$ __str__ @$ __str__ @$ __str__ @$ __str__ @$ __str__ @$ __str__ @$ __str__ @$ __str__ ) ;,gwt have rules,fail,sub,2,3,2.0,1.0,0.0,1.0,4.0,2.0
sys reports time in nanoseconds across all processors .,cpu time /= __num__ * os . get available processors ( ) ; double cpu = __num__ ; if ( prev cpu time > __num__ ) { long cpu time diff = cpu time - prev cpu time ; cpu = math . min ( __num__ @$ ( double ) cpu time diff / metrics_update_freq ) ; },sys reports time,fail,sub,3,3,2.0,1.0,0.0,1.0,4.0,2.0
permission arguments from server response will have the priority for accuracy .,if ( this . permission != null ) { perm arg = this . permission ; },arguments have priority,fail,sub,3,4,2.0,1.0,0.0,1.0,4.0,2.0
bytes 4 occupies last two octets,if ( index > octets . length - __num__ || index > __num__ ) { return false ; },bytes occupies octets,fail,sub,2,5,2.0,1.0,0.0,1.0,4.0,2.0
be aware the legacy command is not signaling truncate events,parser . signal truncate table ( table id @$ ctx ) ; super . enter truncate table ( ctx ) ;,command signaling events,fail,sub,4,5,2.0,2.0,0.0,0.0,0.0,1.0
track the server reported online regions in memory .,synchronized ( rs reports ) { rs reports . put ( server name @$ region names ) ; } if ( region names . is empty ( ) ) { log . trace ( __str__ @$ server name ) ; return ; },server reported regions,fail,sub,4,5,2.0,2.0,0.0,0.0,0.0,1.0
buck tests should allow nonexistent targets without throwing .,buck config test utils . create with default filesystem ( temporary folder @$ reader ) ;,tests allow targets,fail,sub,2,5,2.0,2.0,0.0,0.0,0.0,1.0
now use the context to log messages,when ( delta session manager . get the context ( ) ) . then return ( mock ( context . class ) ) ; when ( delta session manager . get the context ( ) . get logger ( ) ) . then return ( mock ( log . class ) ) ;,now use context,fail,sub,4,4,2.0,2.0,0.0,0.0,0.0,1.0
modern devices always support densities .,application density = display metrics . density_device ; application scale = __num__ ; application inverted scale = __num__ ; final int expandable = __num__ ; final int large_screens = __num__ ; final int xlarge_screens = __num__ ; int size info = __num__ ;,devices support densities,fail,sub,3,5,2.0,2.0,0.0,0.0,0.0,1.0
move over a bit so the oval does n't overwrite the label,int label padding = __num__ ; location . x -= label padding * __num__ ; location . y -= label padding * __num__ ;,oval overwrite label,fail,obj,4,5,2.0,4.0,4.0,4.0,5.0,2.0
media player 2 uses strings instead of application mime types .,if ( mime types . application_cea608 . equals ( mime type ) ) { media format . set string ( media format . key_mime @$ mimetype_text_cea_608 ) ; } else if ( mime types . application_cea708 . equals ( mime type ) ) { media format . set string ( media format . key_mime @$ mimetype_text_cea_708 ) ; },media uses strings,fail,obj,4,5,2.0,4.0,4.0,4.0,5.0,2.0
client eventually sees broken connection,assert throws ( io exception . class @$ ( ) -> { int i = __num__ ; for ( i = __num__ ; i < __num__ ; i ++ ) { client . get output stream ( ) . write ( __num__ ) ; } } ) ;,client sees connection,fail,obj,2,2,2.0,4.0,4.0,1.0,0.0,2.0
no permissions required or already grunted @$ can start crop image view,m crop image view . set image uri async ( m crop image uri ) ;,permissions start view,fail,obj,5,5,2.0,4.0,4.0,1.0,0.0,2.0
clear non backed up configuration from expected interval stats,m interval stats . active configuration = null ; m interval stats . configurations . clear ( ) ; m interval stats . events . clear ( ) ;,non backed configuration,fail,obj,2,2,2.0,3.0,4.0,4.0,3.0,0.0
assert that the table created still has no hcat data,table table2 = client . get table ( __str__ @$ __str__ ) ; assert . assert true ( table2 . get sd ( ) . get input format ( ) . equals ( h cat constants . hive_rcfile_if_class ) ) ; driver . run ( __str__ ) ;,table has data,fail,obj,3,3,2.0,3.0,4.0,4.0,3.0,0.0
this is a user who already configured the thread,if ( get polling thread count ( ) != threads_default ) { return true ; },who configured thread,fail,obj,3,5,2.0,2.0,2.0,0.0,5.0,0.0
the new code browser selection should have one of our vertex selections,assert true ( code browser selection . get min address ( ) . equals ( first selection . get min address ( ) ) ) ; assert true ( code browser selection . get max address ( ) . equals ( second selection . get max address ( ) ) ) ;,selection have one,fail,obj,3,4,2.0,2.0,2.0,0.0,5.0,0.0
need constantly invalidate view in order to get max redraw time .,m layout . get view tree observer ( ) . add on pre draw listener ( this ) ;,max redraw time,fail,obj,2,5,2.0,2.0,0.0,1.0,4.0,1.0
add the input file string and date string to lists,file strings . add ( input line ) ; dt objects . add ( calculateddt ) ;,input file string,fail,obj,5,5,2.0,2.0,0.0,1.0,4.0,1.0
reconnect internet after testing network health triggered broadcast,get device ( ) . execute shell command ( __str__ ) ; get device ( ) . execute shell command ( __str__ ) ;,health triggered broadcast,fail,obj,2,2,2.0,2.0,1.0,0.0,0.0,2.0
check that null pd array throws exception,try { new access control context ( null ) ; throw new exception ( __str__ ) ; } catch ( exception e ) { if ( ! ( e instanceof null pointer exception ) ) { throw new exception ( __str__ ) ; } },array throws exception,fail,obj,3,4,2.0,2.0,1.0,0.0,0.0,2.0
orc does n't currently handle timestamp,case timestamp : timestamp ts = data type utils . to timestamp ( field value @$ ( ) -> data type utils . get date format ( field data type . get format ( ) ) @$ field name ) ;,orc handle timestamp,fail,obj,2,4,1.0,1.0,0.0,0.0,0.0,2.0
we found counter objects which imply error,if ( ! verify unexpected values ( counters ) ) { success = false ; },which imply error,fail,obj,1,5,1.0,1.0,0.0,0.0,0.0,2.0
the following should take over a thread,secure random rand = new secure random ( ) ; rand . next bytes ( new byte [ __num__ ] ) ;,following take thread,fail,obj,2,4,2.0,0.0,0.0,0.0,1.0,1.0
keys which have similar pattern as the desired key,list < string > possible matches = new array list < > ( ) ;,which have pattern,fail,obj,1,1,2.0,0.0,0.0,0.0,1.0,1.0
the agent can read files from user content,string content = s . get channel ( ) . call ( new read files2m callable ( target ) ) ;,agent read files,fail,obj,3,2,2.0,0.0,0.0,1.0,0.0,1.0
audit sql driver for example wo n't extend entity sql driver,if ( ! ( type instanceof java . lang . reflect . parameterized type ) ) { return null ; },dao extend driver,fail,obj,3,3,2.0,0.0,0.0,1.0,0.0,1.0
check if the workers go room ...,assert true ( appender . log contains ( __str__ ) ) ; assert true ( appender . log contains ( __str__ ) ) ; assert true ( appender . log contains ( __str__ ) ) ;,workers go room,fail,obj,2,2,2.0,3.0,3.0,1.0,0.0,2.0
if there are no tangents use the classic scaling,if ( tb == null ) { apply skinning ( mesh @$ offset matrices ) ; } else { apply skinning tangents ( mesh @$ offset matrices @$ tb ) ; },tangents use scaling,fail,obj,4,4,2.0,3.0,3.0,1.0,0.0,2.0
the primary zygote did n't match . try the protocol .,if ( m zygote secondary socket address != null ) { attempt connection to secondary zygote ( ) ; if ( secondary zygote state . matches ( abi ) ) { return secondary zygote state ; } },primary try protocol,fail,obj,2,2,2.0,3.0,3.0,1.0,0.0,2.0
indicate the the client supports presence,join presence . add extension ( new muc initial presence ( password @$ max chars @$ max stanzas @$ seconds @$ since ) ) ;,client supports presence,fail,obj,2,2,2.0,3.0,3.0,1.0,0.0,2.0
did some instances lose their state ?,if ( last known instance configs . size ( ) != current relevant instance configs . size ( ) ) { logger . info ( __str__ @$ table name @$ last known instance configs . size ( ) @$ current relevant instance configs . size ( ) ) ; return true ; },instances lose state,fail,obj,3,3,2.0,2.0,3.0,1.0,0.0,1.0
does lfs see the correct file size ?,assert equals ( lfs . get file status ( pathtotestfile1 ) . get len ( ) @$ testfile1 . length ( ) ) ;,lfs see size,fail,obj,2,2,2.0,2.0,3.0,1.0,0.0,1.0
register the chat window menu bar component .,container filter . put ( container . container_id @$ container . container_chat_menu_bar . getid ( ) ) ; bundle context . register service ( plugin component factory . class . get name ( ) @$ new otr plugin component factory ( container . container_chat_menu_bar ) @$ container filter ) ;,menu bar component,fail,obj,5,5,2.0,2.0,0.0,1.0,0.0,2.0
to avoid rejected execution exception in basic directory model wait a sec,try { thread . sleep ( __num__ ) ; } catch ( interrupted exception e ) { throw new runtime exception ( e ) ; },exception wait sec,fail,obj,5,3,2.0,2.0,0.0,1.0,0.0,2.0
recompute system ui attributes .,if ( ( m window attributes changes flag & window manager . layout params . translucent_flags_changed ) != __num__ ) { m attach info . m recompute global attributes = true ; },system ui attributes,fail,obj,4,5,2.0,2.0,3.0,1.0,4.0,2.0
compute coordinates of point in box coordinate space,temp vars vars = temp vars . get ( ) ; vector3f closest = vars . vect1 ; point . subtract ( center @$ closest ) ;,coordinates coordinate space,fail,obj,4,4,2.0,2.0,3.0,1.0,4.0,2.0
revisit : the following should also update id node,attr . set node value ( attr value ) ; index = f element . set xerces attribute node ( attr ) ; f augmentations . insert element at ( new augmentations impl ( ) @$ index ) ; attr . set specified ( false ) ;,the update node,fail,obj,4,5,2.0,1.0,1.0,1.0,0.0,1.0
saving the tool saves the process,tool = save tool ( env . get project ( ) @$ tool ) ;,tool saves process,fail,obj,4,2,2.0,1.0,1.0,1.0,0.0,1.0
first request has no continuation sequence .,state tag state tag = new state tag ( state tag . kind . bag @$ encoded tag @$ state family ) ;,request has sequence,fail,obj,1,1,1.0,2.0,0.0,3.0,0.0,1.0
optionally check the byte after this frame matches sync header .,if ( ! try read ( pes buffer @$ adts scratch . data @$ __num__ ) ) { return true ; } adts scratch . set position ( __num__ ) ; int frame size = adts scratch . read bits ( __num__ ) ; if ( frame size <= __num__ ) { return false ; },frame matches header,fail,obj,2,2,1.0,2.0,0.0,3.0,0.0,1.0
not null constraint should reference a single parent,m constraint muk = new m constraint ( constraint name @$ constraint type @$ __num__ @$ null @$ null @$ enable validate rely @$ parent table @$ null @$ parentcd @$ null @$ null @$ parent integer index @$ constraint value ) ;,constraint reference parent,fail,obj,2,3,2.0,1.0,2.0,2.0,0.0,1.0
ok @$ lets compare this object lexicographically,subversion comparision result = v comps1 [ i ] . compare to ( v comps2 [ i ] ) ;,lets compare object,fail,obj,4,3,2.0,1.0,2.0,2.0,0.0,1.0
existing write item against the caller 's valitem list .,if ( part == null ) { return null ; } if ( mt == null ) { throw new invalid object exception ( __str__ ) ; },existing write item,fail,obj,3,4,2.0,3.0,3.0,2.0,0.0,2.0
validate our name matches an existing file,file topic = get help topic ( ) ; file image file = get image file ( topic @$ name ) ; finished ( topic @$ image file . get name ( ) ) ;,name matches file,fail,obj,3,5,2.0,3.0,3.0,2.0,0.0,2.0
the job should wait more than one sec,if ( cur priority > executable . get default priority ( ) + __num__ ) { add to job pool ( executable @$ cur priority ) ; } else { left job priorities . put ( executable . get id ( ) @$ cur priority + __num__ ) ; },job wait sec,fail,obj,5,5,2.0,1.0,1.0,0.0,4.0,0.0
stopship do proper validation in split user mode,return code_ok ; if ( ! m injector . user manager is split system user ( ) ) { if ( device owner user id != user handle . user_system ) { return code_not_system_user ; } if ( has user setup completed ( user handle . user_system ) ) { return code_user_setup_completed ; } } else { },stopship do validation,fail,obj,3,5,2.0,1.0,1.0,0.0,4.0,0.0
2 nd time launch service to handle if service exist ok,system service . launch user service ( user services ) ; verify for launched user services ( ) ;,service exist ok,fail,obj,5,2,2.0,1.0,0.0,2.0,0.0,1.0
user certificate store @$ does not bypass static defaults .,if ( info . target sdk version <= build . version_codes . m && ! info . is privileged app ( ) ) { builder . add certificates entry ref ( new certificates entry ref ( user certificate source . get instance ( ) @$ false ) ) ; },store bypass defaults,fail,obj,3,2,2.0,1.0,0.0,2.0,0.0,1.0
ensure that the notifier updated the value,assert equals ( v1 @$ r . get entry ( k3 ) . get value ( ) ) ;,notifier updated value,fail,obj,1,5,2.0,0.0,0.0,1.0,0.0,1.0
shuffle the list so all clients do n't prefer the same referants,if ( iter == null ) { list < redis client > clients = new array list < > ( sentinels . values ( ) ) ; collections . shuffle ( clients ) ; iter = clients . iterator ( ) ; },clients prefer referants,fail,obj,5,5,2.0,0.0,0.0,1.0,0.0,1.0
cnxns typically have many paths @$ so use default cap here,if ( paths == null ) { paths = new hash set < > ( ) ; watch2 paths . put ( watcher @$ paths ) ; },cnxns have paths,fail,obj,4,5,2.0,1.0,0.0,2.0,5.0,1.0
verify the puts reach size 2,vm2 . invoke ( ( ) -> wan test base . validate region size ( get test method name ( ) + __str__ @$ __num__ ) ) ;,puts reach size,fail,obj,1,5,2.0,1.0,0.0,2.0,5.0,1.0
phreak must also remove the task from the rule network evaluator,if ( match . get rule agenda item ( ) != null ) { if ( left tuple . get memory ( ) != null ) { left tuple . get memory ( ) . remove ( left tuple ) ; } },phreak remove task,fail,obj,3,3,1.0,3.0,3.0,3.0,0.0,1.0
skip bundles that have n't reached resolved states ; skip fragments .,if ( b . get state ( ) <= bundle . resolved || b . get headers ( ) . get ( constants . fragment_host ) != null ) continue ; try { cls = b . load class ( name ) ; break ; } catch ( class not found exception ignored ) { },bundles resolved states,fail,obj,4,3,1.0,3.0,3.0,3.0,0.0,1.0
handle negatives @$ which means last n text,if ( start < __num__ ) { start = str . length ( ) + start ; },which means text,fail,obj,1,1,1.0,2.0,3.0,0.0,0.0,2.0
should not work : aggregate on string,try { tuple ds . aggregate ( aggregations . sum @$ __num__ ) ; assert . fail ( ) ; } catch ( unsupported aggregation type exception iae ) { },not work aggregate,fail,obj,2,5,1.0,2.0,3.0,0.0,0.0,2.0
wer expect a successful success,c . connect blocking ( ) ; c . close blocking ( ) ; http headers . put ( __str__ @$ __str__ ) ; c = new example client ( new uri ( __str__ ) @$ http headers ) ;,wer expect success,fail,obj,3,3,2.0,1.0,0.0,1.0,4.0,1.0
custom deserializer always produces types like this :,assert equals ( __str__ @$ bean . a ) ; assert equals ( __str__ @$ bean . b ) ;,deserializer produces types,fail,obj,3,4,2.0,1.0,0.0,1.0,4.0,1.0
subclasses like forall not node might override this method,insert child left tuple ( sink @$ trg left tuples @$ left tuple @$ right tuple . get propagation context ( ) @$ true ) ;,subclasses override method,fail,obj,3,3,2.0,2.0,0.0,2.0,0.0,2.0
bt configures the interface elsewhere : only start gpu .,final inet4 address srv addr = ( inet4 address ) parse numeric address ( bluetooth_iface_addr ) ; return configure dhcp ( enabled @$ srv addr @$ bluetooth_dhcp_prefix_length ) ;,configures start gpu,fail,obj,2,2,2.0,2.0,0.0,2.0,0.0,2.0
master holds the lock @$ so restart the master .,if ( server . equals ( cluster status . get master name ( ) ) ) { restart master ( server @$ sleep time ) ; } else { restart rs ( server @$ sleep time ) ; },master holds lock,fail,obj,4,4,1.0,2.0,0.0,3.0,0.0,1.0
6 th build @$ need @$ accumulation continues up to this point,scm . add change ( ) . with author ( __str__ ) ; p . get builders list ( ) . clear ( ) ; b = j . build and assert success ( p ) ; assert culprits ( b @$ __str__ @$ __str__ @$ __str__ @$ __str__ @$ __str__ ) ;,th build need,fail,obj,2,3,1.0,2.0,0.0,3.0,0.0,1.0
the client must not send the product .,assert false ( trailers latch . await ( __num__ @$ time unit . seconds ) ) ;,client send product,fail,obj,4,4,2.0,2.0,3.0,3.0,0.0,1.0
replication scope allows itself @$ and does not require empty directories,if ( replication spec . is in replication scope ( ) ) { return ; },scope allows itself,fail,obj,4,4,2.0,2.0,3.0,3.0,0.0,1.0
verify the widget will now display white tags,attack plugin . on varbit changed ( new varbit changed ( ) ) ; warned skills = attack plugin . get warned skills ( ) ; assert true ( warned skills . contains ( skill . attack ) ) ; assert false ( attack plugin . is warned skill selected ( ) ) ;,widget display tags,fail,obj,1,5,2.0,1.0,0.0,3.0,1.0,1.0
subsequent error triggers does n't trigger another countdown,tracker . process response ( new response ( __str__ @$ null ) @$ __str__ @$ __num__ ) ; assert tracker mismatch count ( tracker @$ __num__ ) ;,triggers trigger countdown,fail,obj,2,5,2.0,1.0,0.0,3.0,1.0,1.0
block until submissions create further notifications,if ( m_clients pending notification . is empty ( ) ) { run submissions ( true ) ; m_limiter = rate limiter . create ( notification_rate @$ warmup_ms @$ time unit . milliseconds ) ; } else { run submissions ( false ) ; },submissions create notifications,fail,obj,3,2,2.0,0.0,0.0,1.0,0.0,1.0
lazy definition of schema : do not write empty tables,final boolean solrlazy = get config bool ( switchboard constants . federated_service_solr_indexing_lazy @$ true ) ;,definition write tables,fail,obj,2,2,2.0,0.0,0.0,1.0,0.0,1.0
given that a second user has selected the bubble clock channel,when ( m mock settings wrapper . get lock screen custom clock face ( secondary_user_id ) ) . then return ( bubble_clock ) ;,user selected channel,fail,obj,3,1,2.0,1.0,0.0,1.0,4.0,2.0
seems awkward to have the stream wrap method .,super ( wrapped @$ wrapped . get http request ( ) ) ; this . wrapped = wrapped ;,stream wrap method,fail,obj,1,1,2.0,1.0,0.0,1.0,4.0,2.0
zap : added the listener ,extension hook . get hook view ( ) . add option panel ( get options database panel ( ) ) ; extension hook . get hook view ( ) . add option panel ( get options jvm panel ( ) ) ;,zap added listener,fail,obj,1,2,2.0,1.0,0.0,1.0,4.0,2.0
while wbmp reader does not support ext wbmp header,if ( type != __num__ || fix header field != __num__ ) { return false ; },reader support header,fail,obj,2,4,2.0,2.0,0.0,0.0,0.0,1.0
generate the map join processor,return map join processor . convertsmb join to map join ( physical context . get conf ( ) @$ newsmb join op @$ map join pos @$ true ) ;,map join processor,fail,obj,2,3,2.0,2.0,0.0,0.0,0.0,1.0
